ufn,package_id,species,seine_id,survey_id,survey_date,site_id,time_out,weight_field,fork_length_field,height,time_dewar,field_lice_id_protocol,lice_presence,fish_field_comments,analysis_planned,id_flag,eLab?,qc,order
U21481,P1349,SO,DE701N2,DE701,2020-05-19T00:00:00Z,D09,1899-12-30T09:14:00Z,6,85,14,1899-12-30T09:27:00Z,NA,NA,NA,SEMSP,N,no,TvdS,1
U21471,P1348,PI,DE701N2,DE701,2020-05-19T00:00:00Z,D09,1899-12-30T08:27:00Z,14.5,115,21,1899-12-30T09:13:00Z,NA,NA,NA,SEMSP,N,no,TvdS,2
U21472,P1348,PI,DE701N2,DE701,2020-05-19T00:00:00Z,D09,1899-12-30T08:31:00Z,4.3,82,14,1899-12-30T09:13:00Z,NA,NA,Fell on deck during weighing,SEMSP,N,no,TvdS,3
U21473,P1348,PI,DE701N2,DE701,2020-05-19T00:00:00Z,D09,1899-12-30T08:32:00Z,5.7,83,14,1899-12-30T09:13:00Z,NA,NA,NA,SEMSP,N,no,TvdS,4
U21474,P1348,PI,DE701N2,DE701,2020-05-19T00:00:00Z,D09,1899-12-30T08:34:00Z,6.5,92,16,1899-12-30T09:13:00Z,NA,NA,NA,SEMSP,N,no,TvdS,5
U21475,P1348,PI,DE701N2,DE701,2020-05-19T00:00:00Z,D09,1899-12-30T08:39:00Z,3,72,11,1899-12-30T09:13:00Z,NA,NA,NA,SEMSP,N,no,TvdS,6
U21476,P1348,PI,DE701N2,DE701,2020-05-19T00:00:00Z,D09,1899-12-30T08:40:00Z,6.5,92,15,1899-12-30T09:13:00Z,NA,NA,NA,SEMSP,N,no,TvdS,7
U21477,P1348,PI,DE701N2,DE701,2020-05-19T00:00:00Z,D09,1899-12-30T08:42:00Z,5,84,14,1899-12-30T09:13:00Z,NA,NA,NA,SEMSP,N,no,TvdS,8
U21478,P1348,PI,DE701N2,DE701,2020-05-19T00:00:00Z,D09,1899-12-30T08:44:00Z,5.5,86,14,1899-12-30T09:13:00Z,NA,NA,NA,SEMSP,N,no,TvdS,9
U21479,P1348,PI,DE701N2,DE701,2020-05-19T00:00:00Z,D09,1899-12-30T08:49:00Z,6,91,16,1899-12-30T09:13:00Z,NA,NA,NA,SEMSP,N,no,TvdS,10
U21480,P1348,PI,DE701N2,DE701,2020-05-19T00:00:00Z,D09,1899-12-30T08:53:00Z,3.3,71,11,1899-12-30T09:13:00Z,NA,NA,NA,SEMSP,N,no,TvdS,11
U21461,P1347,CU,DE701N2,DE701,2020-05-19T00:00:00Z,D09,1899-12-30T08:46:00Z,9,99,18,1899-12-30T09:24:00Z,NA,NA,NA,SEMSP,N,no,TvdS,12
U21462,P1347,CU,DE701N2,DE701,2020-05-19T00:00:00Z,D09,1899-12-30T08:59:00Z,11.5,115,19,1899-12-30T09:24:00Z,NA,NA,NA,SEMSP,N,no,TvdS,13
U21463,P1347,CU,DE701N2,DE701,2020-05-19T00:00:00Z,D09,1899-12-30T09:01:00Z,21,126,22,1899-12-30T09:24:00Z,NA,NA,NA,SEMSP,N,no,TvdS,14
U21464,P1347,CU,DE701N2,DE701,2020-05-19T00:00:00Z,D09,1899-12-30T09:04:00Z,5.5,84,15,1899-12-30T09:24:00Z,NA,NA,NA,SEMSP,N,no,TvdS,15
U21465,P1347,CU,DE701N2,DE701,2020-05-19T00:00:00Z,D09,1899-12-30T09:10:00Z,15,118,22,1899-12-30T09:24:00Z,NA,NA,NA,SEMSP,N,no,TvdS,16
U21466,P1347,CU,DE701N2,DE701,2020-05-19T00:00:00Z,D09,1899-12-30T09:20:00Z,7.7,103,20,1899-12-30T09:36:00Z,NA,NA,NA,SEMSP,N,no,TvdS,17
U21467,P1347,CU,DE701N2,DE701,2020-05-19T00:00:00Z,D09,1899-12-30T09:22:00Z,4.5,82,13,1899-12-30T09:36:00Z,NA,NA,NA,SEMSP,N,no,TvdS,18
U21468,P1347,CU,DE701N2,DE701,2020-05-19T00:00:00Z,D09,1899-12-30T09:24:00Z,9,99,17,1899-12-30T09:36:00Z,NA,NA,NA,SEMSP,N,no,TvdS,19
U21469,P1347,CU,DE701N2,DE701,2020-05-19T00:00:00Z,D09,1899-12-30T09:26:00Z,6.5,89,15,1899-12-30T09:36:00Z,NA,NA,NA,SEMSP,N,no,TvdS,20
U21470,P1347,CU,DE701N2,DE701,2020-05-19T00:00:00Z,D09,1899-12-30T09:40:00Z,8,95,17,1899-12-30T09:50:00Z,NA,NA,NA,SEMSP,N,no,TvdS,21
U21701,P1371,CK,DE701N2,DE701,2020-05-19T00:00:00Z,D09,1899-12-30T09:38:00Z,NA,NA,NA,NA,NA,NA,Need positive ID,SEMSP,N,no,TvdS,22
U21711,P1372,SO,DE702N1,DE702,2020-05-22T00:00:00Z,D10,1899-12-30T08:36:00Z,17.5,121,22,1899-12-30T08:58:00Z,presence/absence,P,NA,SEMSP,N,no,TvdS,23
U21712,P1372,SO,DE702N1,DE702,2020-05-22T00:00:00Z,D10,1899-12-30T08:37:00Z,15.3,116,22,1899-12-30T08:58:00Z,presence/absence,P,NA,SEMSP,N,no,TvdS,24
U21713,P1372,SO,DE702N1,DE702,2020-05-22T00:00:00Z,D10,1899-12-30T08:44:00Z,15.5,114,21,1899-12-30T08:58:00Z,presence/absence,A,NA,SEMSP,N,no,TvdS,25
U21714,P1372,SO,DE702N1,DE702,2020-05-22T00:00:00Z,D10,1899-12-30T08:45:00Z,12.6,111,20,1899-12-30T08:58:00Z,presence/absence,P,NA,SEMSP,N,no,TvdS,26
U21715,P1372,SO,DE702N1,DE702,2020-05-22T00:00:00Z,D10,1899-12-30T08:46:00Z,8.5,96,17,1899-12-30T08:58:00Z,presence/absence,P,NA,SEMSP,N,no,TvdS,27
U21716,P1372,SO,DE702N1,DE702,2020-05-22T00:00:00Z,D10,1899-12-30T08:47:00Z,12.5,107,21,1899-12-30T09:10:00Z,presence/absence,P,NA,SEMSP,N,no,TvdS,28
U21717,P1372,SO,DE702N1,DE702,2020-05-22T00:00:00Z,D10,1899-12-30T08:48:00Z,13.6,111,22,1899-12-30T09:10:00Z,presence/absence,A,NA,SEMSP,N,no,TvdS,29
U21718,P1372,SO,DE702N1,DE702,2020-05-22T00:00:00Z,D10,1899-12-30T08:49:00Z,15.5,115,21,1899-12-30T09:10:00Z,presence/absence,P,NA,SEMSP,N,no,TvdS,30
U21719,P1372,SO,DE702N1,DE702,2020-05-22T00:00:00Z,D10,1899-12-30T08:51:00Z,13.5,114,20,1899-12-30T09:10:00Z,presence/absence,P,NA,SEMSP,N,no,TvdS,31
U21720,P1372,SO,DE702N1,DE702,2020-05-22T00:00:00Z,D10,1899-12-30T08:51:00Z,15.5,114,20,1899-12-30T09:10:00Z,presence/absence,P,NA,SEMSP,N,no,TvdS,32
U21531,P1354,PI,DE702N1,DE702,2020-05-22T00:00:00Z,D10,1899-12-30T10:06:00Z,19,126,25,1899-12-30T10:35:00Z,presence/absence,A,NA,SEMSP,N,no,TvdS,33
U21532,P1354,PI,DE702N1,DE702,2020-05-22T00:00:00Z,D10,1899-12-30T10:14:00Z,10.5,109,19,1899-12-30T10:35:00Z,presence/absence,A,NA,SEMSP,N,no,TvdS,34
U21533,P1354,PI,DE702N1,DE702,2020-05-22T00:00:00Z,D10,1899-12-30T10:18:00Z,24,134,25,1899-12-30T10:35:00Z,presence/absence,P,NA,SEMSP,N,no,TvdS,35
U21534,P1354,PI,DE702N1,DE702,2020-05-22T00:00:00Z,D10,1899-12-30T10:23:00Z,12,110,20,1899-12-30T10:35:00Z,NA,NA,NA,SEMSP,N,no,TvdS,36
U21535,P1354,PI,DE702N1,DE702,2020-05-22T00:00:00Z,D10,1899-12-30T10:29:00Z,13,115,22,1899-12-30T10:35:00Z,presence/absence,A,NA,SEMSP,N,no,TvdS,37
U21536,P1354,PI,DE702N1,DE702,2020-05-22T00:00:00Z,D10,1899-12-30T10:29:00Z,9.5,116,14,1899-12-30T10:35:00Z,presence/absence,P,NA,SEMSP,N,no,TvdS,38
U21731,P1373,SO,DE702N1,DE702,2020-05-22T00:00:00Z,D10,1899-12-30T08:57:00Z,NA,NA,NA,1899-12-30T09:21:00Z,presence/absence,P,NA,SEMSP,N,no,TvdS,39
U21732,P1373,SO,DE702N1,DE702,2020-05-22T00:00:00Z,D10,1899-12-30T08:58:00Z,NA,NA,NA,1899-12-30T09:21:00Z,presence/absence,P,NA,SEMSP,N,no,TvdS,40
U21733,P1373,SO,DE702N1,DE702,2020-05-22T00:00:00Z,D10,1899-12-30T09:00:00Z,NA,NA,NA,1899-12-30T09:21:00Z,presence/absence,P,NA,SEMSP,N,no,TvdS,41
U21734,P1373,SO,DE702N1,DE702,2020-05-22T00:00:00Z,D10,1899-12-30T09:02:00Z,NA,NA,NA,1899-12-30T09:21:00Z,presence/absence,P,NA,SEMSP,N,no,TvdS,42
U21735,P1373,SO,DE702N1,DE702,2020-05-22T00:00:00Z,D10,1899-12-30T09:04:00Z,NA,NA,NA,1899-12-30T09:21:00Z,presence/absence,P,NA,SEMSP,N,no,TvdS,43
U21736,P1373,SO,DE702N1,DE702,2020-05-22T00:00:00Z,D10,1899-12-30T09:05:00Z,NA,NA,NA,1899-12-30T09:27:00Z,presence/absence,P,NA,SEMSP,N,no,TvdS,44
U21737,P1373,SO,DE702N1,DE702,2020-05-22T00:00:00Z,D10,1899-12-30T09:06:00Z,NA,NA,NA,1899-12-30T09:27:00Z,presence/absence,P,NA,SEMSP,N,no,TvdS,45
U21738,P1373,SO,DE702N1,DE702,2020-05-22T00:00:00Z,D10,1899-12-30T09:07:00Z,NA,NA,NA,1899-12-30T09:27:00Z,presence/absence,P,NA,SEMSP,N,no,TvdS,46
U21739,P1373,SO,DE702N1,DE702,2020-05-22T00:00:00Z,D10,1899-12-30T09:08:00Z,NA,NA,NA,1899-12-30T09:27:00Z,presence/absence,P,NA,SEMSP,N,no,TvdS,47
U21740,P1373,SO,DE702N1,DE702,2020-05-22T00:00:00Z,D10,1899-12-30T09:10:00Z,NA,NA,NA,1899-12-30T09:27:00Z,presence/absence,P,NA,SEMSP,N,no,TvdS,48
U21721,P1374,SO,DE702N1,DE702,2020-05-22T00:00:00Z,D10,1899-12-30T09:13:00Z,NA,NA,NA,1899-12-30T09:32:00Z,presence/absence,A,NA,SEMSP,N,no,TvdS,49
U21722,P1374,SO,DE702N1,DE702,2020-05-22T00:00:00Z,D10,1899-12-30T09:14:00Z,NA,NA,NA,1899-12-30T09:32:00Z,presence/absence,P,NA,SEMSP,N,no,TvdS,50
U21723,P1374,SO,DE702N1,DE702,2020-05-22T00:00:00Z,D10,1899-12-30T09:15:00Z,NA,NA,NA,1899-12-30T09:32:00Z,presence/absence,P,NA,SEMSP,N,no,TvdS,51
U21724,P1374,SO,DE702N1,DE702,2020-05-22T00:00:00Z,D10,1899-12-30T09:17:00Z,NA,NA,NA,1899-12-30T09:32:00Z,presence/absence,P,NA,SEMSP,N,no,TvdS,52
U21725,P1374,SO,DE702N1,DE702,2020-05-22T00:00:00Z,D10,1899-12-30T09:18:00Z,NA,NA,NA,1899-12-30T09:32:00Z,presence/absence,P,NA,SEMSP,N,no,TvdS,53
U21726,P1374,SO,DE702N1,DE702,2020-05-22T00:00:00Z,D10,1899-12-30T09:21:00Z,NA,NA,NA,1899-12-30T09:36:00Z,presence/absence,P,NA,SEMSP,N,no,TvdS,54
U21727,P1374,SO,DE702N1,DE702,2020-05-22T00:00:00Z,D10,1899-12-30T09:22:00Z,NA,NA,NA,1899-12-30T09:36:00Z,presence/absence,P,NA,SEMSP,N,no,TvdS,55
U21728,P1374,SO,DE702N1,DE702,2020-05-22T00:00:00Z,D10,1899-12-30T09:24:00Z,NA,NA,NA,1899-12-30T09:36:00Z,presence/absence,P,NA,SEMSP,N,no,TvdS,56
U21729,P1374,SO,DE702N1,DE702,2020-05-22T00:00:00Z,D10,1899-12-30T09:25:00Z,NA,NA,NA,1899-12-30T09:38:00Z,presence/absence,P,NA,SEMSP,N,no,TvdS,57
U21730,P1374,SO,DE702N1,DE702,2020-05-22T00:00:00Z,D10,1899-12-30T09:25:00Z,NA,NA,NA,1899-12-30T09:38:00Z,presence/absence,P,NA,SEMSP,N,no,TvdS,58
U21741,P1375,SO,DE703N1,DE703,2020-05-26T00:00:00Z,D09,1899-12-30T08:43:00Z,9,101,12,1899-12-30T08:56:00Z,presence/absence,P,NA,SEMSP,N,no,TvdS,59
U21742,P1375,SO,DE703N1,DE703,2020-05-26T00:00:00Z,D09,1899-12-30T08:44:00Z,17.5,122,24,1899-12-30T08:56:00Z,presence/absence,P,half of finclip fell on rain pants,SEMSP,N,no,TvdS,60
U21743,P1375,SO,DE703N1,DE703,2020-05-26T00:00:00Z,D09,1899-12-30T08:48:00Z,16.5,123,22,1899-12-30T09:01:00Z,presence/absence,P,NA,SEMSP,N,no,TvdS,61
U21744,P1375,SO,DE703N1,DE703,2020-05-26T00:00:00Z,D09,1899-12-30T08:49:00Z,14,112,21,1899-12-30T09:01:00Z,presence/absence,P,NA,SEMSP,N,no,TvdS,62
U21745,P1375,SO,DE703N1,DE703,2020-05-26T00:00:00Z,D09,1899-12-30T08:50:00Z,15,122,22,1899-12-30T09:07:00Z,presence/absence,P,fin clip blew away,SEMSP,N,no,TvdS,63
U21746,P1375,SO,DE703N1,DE703,2020-05-26T00:00:00Z,D09,1899-12-30T08:51:00Z,20.5,133,26,1899-12-30T09:07:00Z,presence/absence,P,NA,SEMSP,N,no,TvdS,64
U21747,P1375,SO,DE703N1,DE703,2020-05-26T00:00:00Z,D09,1899-12-30T08:52:00Z,13.5,116,21,1899-12-30T09:10:00Z,presence/absence,P,NA,SEMSP,N,no,TvdS,65
U21748,P1375,SO,DE703N1,DE703,2020-05-26T00:00:00Z,D09,1899-12-30T08:55:00Z,16.5,117,23,1899-12-30T09:10:00Z,presence/absence,P,NA,SEMSP,N,no,TvdS,66
U21749,P1375,SO,DE703N1,DE703,2020-05-26T00:00:00Z,D09,1899-12-30T08:56:00Z,13.5,115,22,1899-12-30T09:14:00Z,presence/absence,P,NA,SEMSP,N,no,TvdS,67
U21750,P1375,SO,DE703N1,DE703,2020-05-26T00:00:00Z,D09,1899-12-30T08:58:00Z,13.5,114,21,1899-12-30T09:14:00Z,presence/absence,P,NA,SEMSP,N,no,TvdS,68
U21751,P1376,SO,DE703N1,DE703,2020-05-26T00:00:00Z,D09,1899-12-30T09:02:00Z,NA,NA,NA,1899-12-30T09:31:00Z,presence/absence,P,NA,SEMSP,N,no,TvdS,69
U21752,P1376,SO,DE703N1,DE703,2020-05-26T00:00:00Z,D09,1899-12-30T09:05:00Z,NA,NA,NA,1899-12-30T09:31:00Z,presence/absence,P,NA,SEMSP,N,no,TvdS,70
U21753,P1376,SO,DE703N1,DE703,2020-05-26T00:00:00Z,D09,1899-12-30T09:07:00Z,NA,NA,NA,1899-12-30T09:31:00Z,presence/absence,P,NA,SEMSP,N,no,TvdS,71
U21754,P1376,SO,DE703N1,DE703,2020-05-26T00:00:00Z,D09,1899-12-30T09:09:00Z,NA,NA,NA,1899-12-30T09:31:00Z,presence/absence,P,NA,SEMSP,N,no,TvdS,72
U21755,P1376,SO,DE703N1,DE703,2020-05-26T00:00:00Z,D09,1899-12-30T09:10:00Z,NA,NA,NA,1899-12-30T09:31:00Z,presence/absence,P,NA,SEMSP,N,no,TvdS,73
U21756,P1376,SO,DE703N1,DE703,2020-05-26T00:00:00Z,D09,1899-12-30T09:11:00Z,NA,NA,NA,1899-12-30T09:31:00Z,presence/absence,P,NA,SEMSP,N,no,TvdS,74
U21757,P1376,SO,DE703N1,DE703,2020-05-26T00:00:00Z,D09,1899-12-30T09:15:00Z,NA,NA,NA,1899-12-30T09:31:00Z,presence/absence,P,NA,SEMSP,N,no,TvdS,75
U21758,P1376,SO,DE703N1,DE703,2020-05-26T00:00:00Z,D09,1899-12-30T09:16:00Z,NA,NA,NA,1899-12-30T09:31:00Z,presence/absence,P,NA,SEMSP,N,no,TvdS,76
U21759,P1376,SO,DE703N1,DE703,2020-05-26T00:00:00Z,D09,1899-12-30T09:18:00Z,NA,NA,NA,1899-12-30T09:31:00Z,presence/absence,P,NA,SEMSP,N,no,TvdS,77
U21760,P1376,SO,DE703N1,DE703,2020-05-26T00:00:00Z,D09,1899-12-30T09:19:00Z,NA,NA,NA,1899-12-30T09:31:00Z,presence/absence,P,NA,SEMSP,N,no,TvdS,78
U21761,P1377,SO,DE703N1,DE703,2020-05-26T00:00:00Z,D09,1899-12-30T09:25:00Z,NA,NA,NA,1899-12-30T09:49:00Z,presence/absence,P,NA,SEMSP,N,no,TvdS,79
U21762,P1377,SO,DE703N1,DE703,2020-05-26T00:00:00Z,D09,1899-12-30T09:27:00Z,NA,NA,NA,1899-12-30T09:49:00Z,presence/absence,P,NA,SEMSP,N,no,TvdS,80
U21763,P1377,SO,DE703N1,DE703,2020-05-26T00:00:00Z,D09,1899-12-30T09:28:00Z,NA,NA,NA,1899-12-30T09:49:00Z,presence/absence,P,NA,SEMSP,N,no,TvdS,81
U21764,P1377,SO,DE703N1,DE703,2020-05-26T00:00:00Z,D09,1899-12-30T09:30:00Z,NA,NA,NA,1899-12-30T09:49:00Z,presence/absence,P,NA,SEMSP,N,no,TvdS,82
U21765,P1377,SO,DE703N1,DE703,2020-05-26T00:00:00Z,D09,1899-12-30T09:33:00Z,NA,NA,NA,1899-12-30T09:49:00Z,presence/absence,P,NA,SEMSP,N,no,TvdS,83
U21766,P1377,SO,DE703N1,DE703,2020-05-26T00:00:00Z,D09,1899-12-30T09:34:00Z,NA,NA,NA,1899-12-30T09:49:00Z,presence/absence,P,NA,SEMSP,N,no,TvdS,84
U21767,P1377,SO,DE703N1,DE703,2020-05-26T00:00:00Z,D09,1899-12-30T09:36:00Z,NA,NA,NA,1899-12-30T09:49:00Z,presence/absence,P,NA,SEMSP,N,no,TvdS,85
U21768,P1377,SO,DE703N1,DE703,2020-05-26T00:00:00Z,D09,1899-12-30T09:38:00Z,NA,NA,NA,1899-12-30T09:49:00Z,presence/absence,P,NA,SEMSP,N,no,TvdS,86
U21769,P1377,SO,DE703N1,DE703,2020-05-26T00:00:00Z,D09,1899-12-30T09:39:00Z,NA,NA,NA,1899-12-30T09:49:00Z,presence/absence,P,NA,SEMSP,N,no,TvdS,87
U21770,P1377,SO,DE703N1,DE703,2020-05-26T00:00:00Z,D09,1899-12-30T09:39:00Z,NA,NA,NA,1899-12-30T09:49:00Z,presence/absence,P,NA,SEMSP,N,no,TvdS,88
U21771,P1378,SO,DE704N1,DE704,2020-05-27T00:00:00Z,D27,1899-12-30T08:47:00Z,36,152,33,1899-12-30T08:59:00Z,presence/absence,P,"head-flick, fin clip lost",SEMSP,N,no,TvdS,89
U21772,P1378,SO,DE704N1,DE704,2020-05-27T00:00:00Z,D27,1899-12-30T08:59:00Z,17.5,113,26,1899-12-30T09:05:00Z,presence/absence,P,NA,SEMSP,N,no,TvdS,90
U21773,P1378,SO,DE704N1,DE704,2020-05-27T00:00:00Z,D27,1899-12-30T09:02:00Z,9,98,19,1899-12-30T09:09:00Z,presence/absence,P,NA,SEMSP,N,no,TvdS,91
U21774,P1378,SO,DE704N1,DE704,2020-05-27T00:00:00Z,D27,1899-12-30T09:12:00Z,7.5,94,19,1899-12-30T09:21:00Z,presence/absence,P,NA,SEMSP,N,no,TvdS,92
U21775,P1378,SO,DE704N1,DE704,2020-05-27T00:00:00Z,D27,1899-12-30T09:18:00Z,10,102,20,1899-12-30T09:28:00Z,presence/absence,P,NA,SEMSP,N,no,TvdS,93
U21781,P1379,PI,DE704N1,DE704,2020-05-27T00:00:00Z,D27,1899-12-30T08:56:00Z,23,135,27,1899-12-30T09:26:00Z,presence/absence,P,NA,SEMSP,N,no,TvdS,94
U21782,P1379,PI,DE704N1,DE704,2020-05-27T00:00:00Z,D27,1899-12-30T09:06:00Z,23,141,25,1899-12-30T09:26:00Z,presence/absence,A,NA,SEMSP,N,no,TvdS,95
U21783,P1379,PI,DE704N1,DE704,2020-05-27T00:00:00Z,D27,1899-12-30T09:08:00Z,25.5,136,26,1899-12-30T09:26:00Z,presence/absence,P,NA,SEMSP,N,no,TvdS,96
U21784,P1379,PI,DE704N1,DE704,2020-05-27T00:00:00Z,D27,1899-12-30T09:11:00Z,15.5,119,22,1899-12-30T09:26:00Z,presence/absence,A,NA,SEMSP,N,no,TvdS,97
U21785,P1379,PI,DE704N1,DE704,2020-05-27T00:00:00Z,D27,1899-12-30T09:25:00Z,14,114,21,1899-12-30T09:49:00Z,presence/absence,P,NA,SEMSP,N,no,TvdS,98
U21786,P1379,PI,DE704N1,DE704,2020-05-27T00:00:00Z,D27,1899-12-30T09:31:00Z,6,89,11,1899-12-30T09:49:00Z,presence/absence,A,NA,SEMSP,N,no,TvdS,99
U21787,P1379,PI,DE704N1,DE704,2020-05-27T00:00:00Z,D27,1899-12-30T09:33:00Z,6,80,9,1899-12-30T09:49:00Z,presence/absence,A,NA,SEMSP,N,no,TvdS,100
U21788,P1379,PI,DE704N1,DE704,2020-05-27T00:00:00Z,D27,1899-12-30T09:35:00Z,11,105,20,1899-12-30T09:49:00Z,presence/absence,A,NA,SEMSP,N,no,TvdS,101
U21789,P1379,PI,DE704N1,DE704,2020-05-27T00:00:00Z,D27,1899-12-30T09:38:00Z,5.5,86,15,1899-12-30T09:49:00Z,presence/absence,A,NA,SEMSP,N,no,TvdS,102
U21790,P1379,PI,DE704N1,DE704,2020-05-27T00:00:00Z,D27,1899-12-30T09:42:00Z,7.5,98,18,1899-12-30T09:49:00Z,presence/absence,A,NA,SEMSP,N,no,TvdS,103
U21791,P1380,CU,DE704N1,DE704,2020-05-27T00:00:00Z,D27,1899-12-30T09:16:00Z,8,93,19,1899-12-30T09:30:00Z,presence/absence,A,NA,SEMSP,N,no,TvdS,104
U21792,P1380,CU,DE704N1,DE704,2020-05-27T00:00:00Z,D27,1899-12-30T10:16:00Z,10.5,115,19,1899-12-30T10:29:00Z,presence/absence,A,NA,SEMSP,N,no,TvdS,105
U21793,P1380,CU,DE704N1,DE704,2020-05-27T00:00:00Z,D27,1899-12-30T10:21:00Z,5,81,9,1899-12-30T10:29:00Z,presence/absence,A,fish fell on ground,SEMSP,N,no,TvdS,106
U21541,P1355,CK,DE704N1,DE704,2020-05-27T00:00:00Z,D27,1899-12-30T09:56:00Z,NA,NA,NA,1899-12-30T10:13:00Z,NA,NA,fell in MS222 bucket,SEMSP,N,no,TvdS,107
U21542,P1355,CK,DE704N1,DE704,2020-05-27T00:00:00Z,D27,1899-12-30T10:02:00Z,NA,NA,NA,1899-12-30T10:13:00Z,NA,NA,NA,SEMSP,N,no,TvdS,108
U21543,P1355,CK,DE704N1,DE704,2020-05-27T00:00:00Z,D27,1899-12-30T10:03:00Z,NA,NA,NA,1899-12-30T10:13:00Z,NA,NA,NA,SEMSP,N,no,TvdS,109
U21544,P1355,CK,DE704N1,DE704,2020-05-27T00:00:00Z,D27,1899-12-30T10:09:00Z,NA,NA,NA,1899-12-30T10:13:00Z,NA,NA,NA,SEMSP,N,no,TvdS,110
U21545,P1355,CK,DE704N1,DE704,2020-05-27T00:00:00Z,D27,1899-12-30T10:10:00Z,NA,NA,NA,1899-12-30T10:13:00Z,NA,NA,NA,SEMSP,N,no,TvdS,111
U21551,P1356,SO,DE706N2,DE706,2020-06-02T00:00:00Z,D09,1899-12-30T08:33:00Z,11,111,20,1899-12-30T08:50:00Z,presence/absence,P,NA,SEMSP,N,no,TvdS,112
U21552,P1356,SO,DE706N2,DE706,2020-06-02T00:00:00Z,D09,1899-12-30T08:35:00Z,11,105,21,1899-12-30T08:50:00Z,presence/absence,P,NA,SEMSP,N,no,TvdS,113
U21553,P1356,SO,DE706N2,DE706,2020-06-02T00:00:00Z,D09,1899-12-30T08:36:00Z,6.5,110,17,1899-12-30T08:57:00Z,presence/absence,P,NA,SEMSP,N,no,TvdS,114
U21554,P1356,SO,DE706N2,DE706,2020-06-02T00:00:00Z,D09,1899-12-30T08:37:00Z,15,120,23,1899-12-30T08:57:00Z,presence/absence,P,NA,SEMSP,N,no,TvdS,115
U21555,P1356,SO,DE706N2,DE706,2020-06-02T00:00:00Z,D09,1899-12-30T08:39:00Z,16.5,120,23,1899-12-30T08:57:00Z,presence/absence,P,NA,SEMSP,N,no,TvdS,116
U21556,P1356,SO,DE706N2,DE706,2020-06-02T00:00:00Z,D09,1899-12-30T08:41:00Z,10,100,19,1899-12-30T08:57:00Z,presence/absence,P,NA,SEMSP,N,no,TvdS,117
U21557,P1356,SO,DE706N2,DE706,2020-06-02T00:00:00Z,D09,1899-12-30T08:47:00Z,11,106,19,1899-12-30T09:05:00Z,presence/absence,P,NA,SEMSP,N,no,TvdS,118
U21558,P1356,SO,DE706N2,DE706,2020-06-02T00:00:00Z,D09,1899-12-30T08:48:00Z,12,110,20,1899-12-30T09:05:00Z,presence/absence,P,NA,SEMSP,N,no,TvdS,119
U21559,P1356,SO,DE706N2,DE706,2020-06-02T00:00:00Z,D09,1899-12-30T08:50:00Z,11.5,108,19,1899-12-30T09:05:00Z,presence/absence,P,NA,SEMSP,N,no,TvdS,120
U21560,P1356,SO,DE706N2,DE706,2020-06-02T00:00:00Z,D09,1899-12-30T08:53:00Z,10,103,20,1899-12-30T09:12:00Z,presence/absence,P,NA,SEMSP,N,no,TvdS,121
U21591,P1360,PI,DE706N2,DE706,2020-06-02T00:00:00Z,D09,1899-12-30T09:48:00Z,9,100,18,1899-12-30T10:03:00Z,presence/absence,P,NA,SEMSP,N,no,TvdS,122
U21592,P1360,PI,DE706N2,DE706,2020-06-02T00:00:00Z,D09,1899-12-30T09:50:00Z,6.5,96,17,1899-12-30T10:03:00Z,presence/absence,P,NA,SEMSP,N,no,TvdS,123
U21593,P1360,PI,DE706N2,DE706,2020-06-02T00:00:00Z,D09,1899-12-30T09:51:00Z,9,101,18,1899-12-30T10:03:00Z,presence/absence,P,NA,SEMSP,N,no,TvdS,124
U21594,P1360,PI,DE706N2,DE706,2020-06-02T00:00:00Z,D09,1899-12-30T09:52:00Z,8,96,18,1899-12-30T10:03:00Z,presence/absence,P,NA,SEMSP,N,no,TvdS,125
U21595,P1360,PI,DE706N2,DE706,2020-06-02T00:00:00Z,D09,1899-12-30T09:56:00Z,7,97,17,1899-12-30T10:03:00Z,presence/absence,P,NA,SEMSP,N,no,TvdS,126
U21596,P1360,PI,DE706N2,DE706,2020-06-02T00:00:00Z,D09,1899-12-30T10:02:00Z,17.5,125,23,1899-12-30T10:18:00Z,presence/absence,P,NA,SEMSP,N,no,TvdS,127
U21597,P1360,PI,DE706N2,DE706,2020-06-02T00:00:00Z,D09,1899-12-30T10:04:00Z,11.5,109,20,1899-12-30T10:18:00Z,presence/absence,P,NA,SEMSP,N,no,TvdS,128
U21598,P1360,PI,DE706N2,DE706,2020-06-02T00:00:00Z,D09,1899-12-30T10:05:00Z,10.5,107,19,1899-12-30T10:18:00Z,presence/absence,P,NA,SEMSP,N,no,TvdS,129
U21599,P1360,PI,DE706N2,DE706,2020-06-02T00:00:00Z,D09,1899-12-30T10:07:00Z,10.5,107,18,1899-12-30T10:18:00Z,presence/absence,P,NA,SEMSP,N,no,TvdS,130
U21600,P1360,PI,DE706N2,DE706,2020-06-02T00:00:00Z,D09,1899-12-30T10:10:00Z,6.5,99,16,1899-12-30T10:18:00Z,presence/absence,P,NA,SEMSP,N,no,TvdS,131
U23291,P1530,CU,DE706N2,DE706,2020-06-02T00:00:00Z,D09,1899-12-30T09:45:00Z,13,113,21,1899-12-30T10:24:00Z,presence/absence,P,NA,SEMSP,N,no,TvdS,132
U23292,P1530,CU,DE706N2,DE706,2020-06-02T00:00:00Z,D09,1899-12-30T10:16:00Z,13,110,20,1899-12-30T10:24:00Z,presence/absence,P,NA,SEMSP,N,no,TvdS,133
U23293,P1530,CU,DE706N2,DE706,2020-06-02T00:00:00Z,D09,1899-12-30T10:25:00Z,16,118,22,1899-12-30T10:33:00Z,presence/absence,A,NA,SEMSP,N,no,TvdS,134
U21561,P1357,SO,DE706N2,DE706,2020-06-02T00:00:00Z,D09,1899-12-30T08:55:00Z,NA,NA,NA,1899-12-30T09:17:00Z,presence/absence,P,NA,SEMSP,N,no,TvdS,135
U21562,P1357,SO,DE706N2,DE706,2020-06-02T00:00:00Z,D09,1899-12-30T09:00:00Z,NA,NA,NA,1899-12-30T09:17:00Z,presence/absence,P,NA,SEMSP,N,no,TvdS,136
U21563,P1357,SO,DE706N2,DE706,2020-06-02T00:00:00Z,D09,1899-12-30T09:02:00Z,NA,NA,NA,1899-12-30T09:17:00Z,presence/absence,P,NA,SEMSP,N,no,TvdS,137
U21564,P1357,SO,DE706N2,DE706,2020-06-02T00:00:00Z,D09,1899-12-30T09:04:00Z,NA,NA,NA,1899-12-30T09:17:00Z,presence/absence,P,NA,SEMSP,N,no,TvdS,138
U21565,P1357,SO,DE706N2,DE706,2020-06-02T00:00:00Z,D09,1899-12-30T09:05:00Z,NA,NA,NA,1899-12-30T09:22:00Z,presence/absence,P,NA,SEMSP,N,no,TvdS,139
U21566,P1357,SO,DE706N2,DE706,2020-06-02T00:00:00Z,D09,1899-12-30T09:07:00Z,NA,NA,NA,1899-12-30T09:22:00Z,presence/absence,P,NA,SEMSP,N,no,TvdS,140
U21567,P1357,SO,DE706N2,DE706,2020-06-02T00:00:00Z,D09,1899-12-30T09:08:00Z,NA,NA,NA,1899-12-30T09:25:00Z,presence/absence,P,NA,SEMSP,N,no,TvdS,141
U21568,P1357,SO,DE706N2,DE706,2020-06-02T00:00:00Z,D09,1899-12-30T09:09:00Z,NA,NA,NA,1899-12-30T09:25:00Z,presence/absence,P,NA,SEMSP,N,no,TvdS,142
U21569,P1357,SO,DE706N2,DE706,2020-06-02T00:00:00Z,D09,1899-12-30T09:11:00Z,NA,NA,NA,1899-12-30T09:29:00Z,presence/absence,P,NA,SEMSP,N,no,TvdS,143
U21570,P1357,SO,DE706N2,DE706,2020-06-02T00:00:00Z,D09,1899-12-30T09:12:00Z,NA,NA,NA,1899-12-30T09:29:00Z,presence/absence,P,NA,SEMSP,N,no,TvdS,144
U21581,P1359,SO,DE706N2,DE706,2020-06-02T00:00:00Z,D09,1899-12-30T09:15:00Z,NA,NA,NA,1899-12-30T09:40:00Z,presence/absence,P,NA,SEMSP,N,no,TvdS,145
U21582,P1359,SO,DE706N2,DE706,2020-06-02T00:00:00Z,D09,1899-12-30T09:16:00Z,NA,NA,NA,1899-12-30T09:40:00Z,presence/absence,P,NA,SEMSP,N,no,TvdS,146
U21583,P1359,SO,DE706N2,DE706,2020-06-02T00:00:00Z,D09,1899-12-30T09:18:00Z,NA,NA,NA,1899-12-30T09:40:00Z,presence/absence,P,NA,SEMSP,N,no,TvdS,147
U21584,P1359,SO,DE706N2,DE706,2020-06-02T00:00:00Z,D09,1899-12-30T09:19:00Z,NA,NA,NA,1899-12-30T09:40:00Z,presence/absence,P,NA,SEMSP,N,no,TvdS,148
U21585,P1359,SO,DE706N2,DE706,2020-06-02T00:00:00Z,D09,1899-12-30T09:21:00Z,NA,NA,NA,1899-12-30T09:40:00Z,presence/absence,P,NA,SEMSP,N,no,TvdS,149
U21586,P1359,SO,DE706N2,DE706,2020-06-02T00:00:00Z,D09,1899-12-30T09:26:00Z,NA,NA,NA,1899-12-30T09:40:00Z,presence/absence,A,NA,SEMSP,N,no,TvdS,150
U21587,P1359,SO,DE706N2,DE706,2020-06-02T00:00:00Z,D09,1899-12-30T09:28:00Z,NA,NA,NA,1899-12-30T09:40:00Z,presence/absence,P,NA,SEMSP,N,no,TvdS,151
U21588,P1359,SO,DE706N2,DE706,2020-06-02T00:00:00Z,D09,1899-12-30T09:29:00Z,NA,NA,NA,1899-12-30T09:42:00Z,presence/absence,P,NA,SEMSP,N,no,TvdS,152
U21589,P1359,SO,DE706N2,DE706,2020-06-02T00:00:00Z,D09,1899-12-30T09:30:00Z,NA,NA,NA,1899-12-30T09:42:00Z,presence/absence,P,NA,SEMSP,N,no,TvdS,153
U21590,P1359,SO,DE706N2,DE706,2020-06-02T00:00:00Z,D09,1899-12-30T09:31:00Z,NA,NA,NA,1899-12-30T09:42:00Z,presence/absence,P,NA,SEMSP,N,no,TvdS,154
U23281,P1529,HE,DE706N2,DE706,2020-06-02T00:00:00Z,D09,1899-12-30T10:20:00Z,NA,NA,NA,1899-12-30T10:47:00Z,NA,NA,NA,SEMSP,N,no,TvdS,155
U23282,P1529,HE,DE706N2,DE706,2020-06-02T00:00:00Z,D09,1899-12-30T10:33:00Z,NA,NA,NA,1899-12-30T10:47:00Z,NA,NA,NA,SEMSP,N,no,TvdS,156
U23283,P1529,HE,DE706N2,DE706,2020-06-02T00:00:00Z,D09,1899-12-30T10:37:00Z,NA,NA,NA,1899-12-30T10:47:00Z,NA,NA,NA,SEMSP,N,no,TvdS,157
U23284,P1529,HE,DE706N2,DE706,2020-06-02T00:00:00Z,D09,1899-12-30T10:39:00Z,NA,NA,NA,1899-12-30T10:47:00Z,NA,NA,NA,SEMSP,N,no,TvdS,158
U23341,P1535,SO,DE709N1,DE709,2020-06-08T00:00:00Z,D09,1899-12-30T07:54:00Z,14,118,22,1899-12-30T08:06:00Z,presence/absence,P,NA,SEMSP,N,no,TvdS,159
U23342,P1535,SO,DE709N1,DE709,2020-06-08T00:00:00Z,D09,1899-12-30T07:55:00Z,8.3,105,17,1899-12-30T08:06:00Z,presence/absence,P,NA,SEMSP,N,no,TvdS,160
U23343,P1535,SO,DE709N1,DE709,2020-06-08T00:00:00Z,D09,1899-12-30T07:58:00Z,18.5,122,23,1899-12-30T08:13:00Z,presence/absence,P,NA,SEMSP,N,no,TvdS,161
U23344,P1535,SO,DE709N1,DE709,2020-06-08T00:00:00Z,D09,1899-12-30T07:59:00Z,7.5,95,15,1899-12-30T08:13:00Z,presence/absence,P,NA,SEMSP,N,no,TvdS,162
U23345,P1535,SO,DE709N1,DE709,2020-06-08T00:00:00Z,D09,1899-12-30T08:00:00Z,8.5,100,19,1899-12-30T08:18:00Z,presence/absence,P,NA,SEMSP,N,no,TvdS,163
U23346,P1535,SO,DE709N1,DE709,2020-06-08T00:00:00Z,D09,1899-12-30T08:01:00Z,8,97,18,1899-12-30T08:18:00Z,presence/absence,P,NA,SEMSP,N,no,TvdS,164
U23347,P1535,SO,DE709N1,DE709,2020-06-08T00:00:00Z,D09,1899-12-30T08:03:00Z,8.5,98,18,1899-12-30T08:26:00Z,presence/absence,P,NA,SEMSP,N,no,TvdS,165
U23348,P1535,SO,DE709N1,DE709,2020-06-08T00:00:00Z,D09,1899-12-30T08:04:00Z,7.8,95,18,1899-12-30T08:26:00Z,presence/absence,P,NA,SEMSP,N,no,TvdS,166
U23349,P1535,SO,DE709N1,DE709,2020-06-08T00:00:00Z,D09,1899-12-30T08:05:00Z,7,95,17,1899-12-30T08:32:00Z,presence/absence,P,NA,SEMSP,N,no,TvdS,167
U23350,P1535,SO,DE709N1,DE709,2020-06-08T00:00:00Z,D09,1899-12-30T08:07:00Z,8,98,18,1899-12-30T08:32:00Z,presence/absence,P,NA,SEMSP,N,no,TvdS,168
U23321,P1533,PI,DE709N1,DE709,2020-06-08T00:00:00Z,D09,1899-12-30T08:11:00Z,4.5,81,13,1899-12-30T08:58:00Z,presence/absence,P,NA,SEMSP,N,no,TvdS,169
U23322,P1533,PI,DE709N1,DE709,2020-06-08T00:00:00Z,D09,1899-12-30T08:16:00Z,4.8,80,13,1899-12-30T08:58:00Z,presence/absence,A,NA,SEMSP,N,no,TvdS,170
U23323,P1533,PI,DE709N1,DE709,2020-06-08T00:00:00Z,D09,1899-12-30T08:24:00Z,6,88,15,1899-12-30T08:58:00Z,presence/absence,A,NA,SEMSP,N,no,TvdS,171
U23324,P1533,PI,DE709N1,DE709,2020-06-08T00:00:00Z,D09,1899-12-30T08:24:00Z,5,82,14,1899-12-30T08:58:00Z,presence/absence,P,NA,SEMSP,N,no,TvdS,172
U23325,P1533,PI,DE709N1,DE709,2020-06-08T00:00:00Z,D09,1899-12-30T08:28:00Z,6,82,15,1899-12-30T08:58:00Z,presence/absence,A,NA,SEMSP,N,no,TvdS,173
U23326,P1533,PI,DE709N1,DE709,2020-06-08T00:00:00Z,D09,1899-12-30T08:29:00Z,5,81,15,1899-12-30T08:58:00Z,presence/absence,P,NA,SEMSP,N,no,TvdS,174
U23327,P1533,PI,DE709N1,DE709,2020-06-08T00:00:00Z,D09,1899-12-30T08:30:00Z,6,90,17,1899-12-30T08:58:00Z,presence/absence,P,NA,SEMSP,N,no,TvdS,175
U23328,P1533,PI,DE709N1,DE709,2020-06-08T00:00:00Z,D09,1899-12-30T08:31:00Z,6.8,87,15,1899-12-30T08:58:00Z,presence/absence,P,NA,SEMSP,N,no,TvdS,176
U23329,P1533,PI,DE709N1,DE709,2020-06-08T00:00:00Z,D09,1899-12-30T08:32:00Z,7,92,16,1899-12-30T08:58:00Z,presence/absence,A,NA,SEMSP,N,no,TvdS,177
U23330,P1533,PI,DE709N1,DE709,2020-06-08T00:00:00Z,D09,1899-12-30T08:33:00Z,6.5,90,18,1899-12-30T08:58:00Z,presence/absence,P,NA,SEMSP,N,no,TvdS,178
U23311,P1532,CU,DE709N1,DE709,2020-06-08T00:00:00Z,D09,1899-12-30T08:38:00Z,10,107,19,1899-12-30T09:08:00Z,presence/absence,P,NA,SEMSP,N,no,TvdS,179
U23312,P1532,CU,DE709N1,DE709,2020-06-08T00:00:00Z,D09,1899-12-30T08:41:00Z,7.5,91,17,1899-12-30T09:08:00Z,presence/absence,P,NA,SEMSP,N,no,TvdS,180
U23313,P1532,CU,DE709N1,DE709,2020-06-08T00:00:00Z,D09,1899-12-30T08:45:00Z,17.8,124,23,1899-12-30T09:08:00Z,presence/absence,A,NA,SEMSP,N,no,TvdS,181
U23301,P1531,SO,DE709N1,DE709,2020-06-08T00:00:00Z,D09,1899-12-30T09:03:00Z,NA,NA,NA,1899-12-30T09:31:00Z,NA,NA,NA,SEMSP,N,no,TvdS,182
U23302,P1531,SO,DE709N1,DE709,2020-06-08T00:00:00Z,D09,1899-12-30T09:04:00Z,NA,NA,NA,1899-12-30T09:31:00Z,NA,NA,NA,SEMSP,N,no,TvdS,183
U23303,P1531,SO,DE709N1,DE709,2020-06-08T00:00:00Z,D09,1899-12-30T09:06:00Z,NA,NA,NA,1899-12-30T09:31:00Z,NA,NA,NA,SEMSP,N,no,TvdS,184
U23304,P1531,SO,DE709N1,DE709,2020-06-08T00:00:00Z,D09,1899-12-30T09:07:00Z,NA,NA,NA,1899-12-30T09:31:00Z,NA,NA,NA,SEMSP,N,no,TvdS,185
U23305,P1531,SO,DE709N1,DE709,2020-06-08T00:00:00Z,D09,1899-12-30T09:08:00Z,NA,NA,NA,1899-12-30T09:31:00Z,NA,NA,NA,SEMSP,N,no,TvdS,186
U23306,P1531,SO,DE709N1,DE709,2020-06-08T00:00:00Z,D09,1899-12-30T09:09:00Z,NA,NA,NA,1899-12-30T09:31:00Z,NA,NA,NA,SEMSP,N,no,TvdS,187
U23307,P1531,SO,DE709N1,DE709,2020-06-08T00:00:00Z,D09,1899-12-30T09:11:00Z,NA,NA,NA,1899-12-30T09:31:00Z,NA,NA,NA,SEMSP,N,no,TvdS,188
U23308,P1531,SO,DE709N1,DE709,2020-06-08T00:00:00Z,D09,1899-12-30T09:11:00Z,NA,NA,NA,1899-12-30T09:31:00Z,NA,NA,NA,SEMSP,N,no,TvdS,189
U23309,P1531,SO,DE709N1,DE709,2020-06-08T00:00:00Z,D09,1899-12-30T09:14:00Z,NA,NA,NA,1899-12-30T09:31:00Z,NA,NA,NA,SEMSP,N,no,TvdS,190
U23310,P1531,SO,DE709N1,DE709,2020-06-08T00:00:00Z,D09,1899-12-30T09:14:00Z,NA,NA,NA,1899-12-30T09:31:00Z,NA,NA,NA,SEMSP,N,no,TvdS,191
U23331,P1534,SO,DE709N1,DE709,2020-06-08T00:00:00Z,D09,1899-12-30T09:16:00Z,NA,NA,NA,1899-12-30T09:53:00Z,NA,NA,NA,SEMSP,N,no,TvdS,192
U23332,P1534,SO,DE709N1,DE709,2020-06-08T00:00:00Z,D09,1899-12-30T09:17:00Z,NA,NA,NA,1899-12-30T09:53:00Z,NA,NA,NA,SEMSP,N,no,TvdS,193
U23333,P1534,SO,DE709N1,DE709,2020-06-08T00:00:00Z,D09,1899-12-30T09:17:00Z,NA,NA,NA,1899-12-30T09:53:00Z,NA,NA,NA,SEMSP,N,no,TvdS,194
U23334,P1534,SO,DE709N1,DE709,2020-06-08T00:00:00Z,D09,1899-12-30T09:18:00Z,NA,NA,NA,1899-12-30T09:53:00Z,NA,NA,NA,SEMSP,N,no,TvdS,195
U23335,P1534,SO,DE709N1,DE709,2020-06-08T00:00:00Z,D09,1899-12-30T09:20:00Z,NA,NA,NA,1899-12-30T09:53:00Z,NA,NA,NA,SEMSP,N,no,TvdS,196
U23336,P1534,SO,DE709N1,DE709,2020-06-08T00:00:00Z,D09,1899-12-30T09:21:00Z,NA,NA,NA,1899-12-30T09:53:00Z,NA,NA,NA,SEMSP,N,no,TvdS,197
U23337,P1534,SO,DE709N1,DE709,2020-06-08T00:00:00Z,D09,1899-12-30T09:22:00Z,NA,NA,NA,1899-12-30T09:53:00Z,NA,NA,NA,SEMSP,N,no,TvdS,198
U23338,P1534,SO,DE709N1,DE709,2020-06-08T00:00:00Z,D09,1899-12-30T09:24:00Z,NA,NA,NA,1899-12-30T09:53:00Z,NA,NA,NA,SEMSP,N,no,TvdS,199
U23339,P1534,SO,DE709N1,DE709,2020-06-08T00:00:00Z,D09,1899-12-30T09:26:00Z,NA,NA,NA,1899-12-30T09:53:00Z,NA,NA,NA,SEMSP,N,no,TvdS,200
U23340,P1534,SO,DE709N1,DE709,2020-06-08T00:00:00Z,D09,1899-12-30T09:27:00Z,NA,NA,NA,1899-12-30T09:53:00Z,NA,NA,Confirm ID - parr marks below lateral line,SEMSP,N,no,TvdS,201
U23391,P1540,CO,DE709N1,DE709,2020-06-08T00:00:00Z,D09,1899-12-30T09:32:00Z,NA,NA,NA,1899-12-30T10:09:00Z,NA,NA,Mystery #1 pos coho,SEMSP,N,no,TvdS,202
U23392,P1540,CO,DE709N1,DE709,2020-06-08T00:00:00Z,D09,1899-12-30T09:53:00Z,NA,NA,NA,1899-12-30T10:09:00Z,NA,NA,NA,SEMSP,N,no,TvdS,203
U23393,P1540,CO,DE709N1,DE709,2020-06-08T00:00:00Z,D09,1899-12-30T09:57:00Z,NA,NA,NA,1899-12-30T10:09:00Z,NA,NA,NA,SEMSP,N,no,TvdS,204
U23394,P1540,CO,DE709N1,DE709,2020-06-08T00:00:00Z,D09,1899-12-30T10:01:00Z,NA,NA,NA,1899-12-30T10:09:00Z,NA,NA,NA,SEMSP,N,no,TvdS,205
U23381,P1539,CK,DE709N1,DE709,2020-06-08T00:00:00Z,D09,1899-12-30T09:39:00Z,NA,NA,NA,1899-12-30T10:09:00Z,NA,NA,NA,SEMSP,N,no,TvdS,206
U23251,P1526,SO,DE708N2,DE708,2020-06-05T00:00:00Z,D35,1899-12-30T13:18:00Z,10.3,103,18,1899-12-30T13:40:00Z,presence/absence,P,NA,SEMSP,N,no,TvdS,207
U23252,P1526,SO,DE708N2,DE708,2020-06-05T00:00:00Z,D35,1899-12-30T13:24:00Z,7.3,96,17,1899-12-30T13:40:00Z,presence/absence,P,NA,SEMSP,N,no,TvdS,208
U23253,P1526,SO,DE708N2,DE708,2020-06-05T00:00:00Z,D35,1899-12-30T13:31:00Z,7.5,98,17,1899-12-30T13:43:00Z,presence/absence,P,NA,SEMSP,N,no,TvdS,209
U23271,P1528,PI,DE708N2,DE708,2020-06-05T00:00:00Z,D35,1899-12-30T12:36:00Z,6,90,15,1899-12-30T12:55:00Z,presence/absence,P,handled with gloves,SEMSP,N,no,TvdS,210
U23272,P1528,PI,DE708N2,DE708,2020-06-05T00:00:00Z,D35,1899-12-30T12:37:00Z,8,97,19,1899-12-30T12:55:00Z,presence/absence,P,NA,SEMSP,N,no,TvdS,211
U23273,P1528,PI,DE708N2,DE708,2020-06-05T00:00:00Z,D35,1899-12-30T12:39:00Z,7.5,93,18,1899-12-30T12:55:00Z,presence/absence,A,NA,SEMSP,N,no,TvdS,212
U23274,P1528,PI,DE708N2,DE708,2020-06-05T00:00:00Z,D35,1899-12-30T12:41:00Z,4.8,79,12,1899-12-30T12:55:00Z,presence/absence,A,NA,SEMSP,N,no,TvdS,213
U23275,P1528,PI,DE708N2,DE708,2020-06-05T00:00:00Z,D35,1899-12-30T12:46:00Z,8,95,18,1899-12-30T13:07:00Z,presence/absence,A,NA,SEMSP,N,no,TvdS,214
U23276,P1528,PI,DE708N2,DE708,2020-06-05T00:00:00Z,D35,1899-12-30T12:48:00Z,9.5,100,18,1899-12-30T13:07:00Z,presence/absence,P,NA,SEMSP,N,no,TvdS,215
U23277,P1528,PI,DE708N2,DE708,2020-06-05T00:00:00Z,D35,1899-12-30T12:50:00Z,6,88,16,1899-12-30T13:07:00Z,presence/absence,P,NA,SEMSP,N,no,TvdS,216
U23278,P1528,PI,DE708N2,DE708,2020-06-05T00:00:00Z,D35,1899-12-30T12:52:00Z,9.5,105,19,NA,presence/absence,P,NA,SEMSP,N,no,TvdS,217
U23279,P1528,PI,DE708N2,DE708,2020-06-05T00:00:00Z,D35,1899-12-30T12:54:00Z,7,96,18,NA,presence/absence,A,NA,SEMSP,N,no,TvdS,218
U23280,P1528,PI,DE708N2,DE708,2020-06-05T00:00:00Z,D35,1899-12-30T12:57:00Z,4,78,13,NA,presence/absence,P,NA,SEMSP,N,no,TvdS,219
U21571,P1358,CU,DE708N2,DE708,2020-06-05T00:00:00Z,D35,1899-12-30T13:00:00Z,14,119,20,1899-12-30T13:20:00Z,presence/absence,P,NA,SEMSP,N,no,TvdS,220
U21572,P1358,CU,DE708N2,DE708,2020-06-05T00:00:00Z,D35,1899-12-30T13:26:00Z,7.3,97,16,1899-12-30T13:40:00Z,presence/absence,A,NA,SEMSP,N,no,TvdS,221
U21573,P1358,CU,DE708N2,DE708,2020-06-05T00:00:00Z,D35,1899-12-30T13:28:00Z,6,90,15,1899-12-30T13:40:00Z,presence/absence,A,NA,SEMSP,N,no,TvdS,222
U21574,P1358,CU,DE708N2,DE708,2020-06-05T00:00:00Z,D35,1899-12-30T13:35:00Z,3.5,78,11,1899-12-30T13:59:00Z,presence/absence,P,NA,SEMSP,N,no,TvdS,223
U21575,P1358,CU,DE708N2,DE708,2020-06-05T00:00:00Z,D35,1899-12-30T13:46:00Z,12.8,116,20,1899-12-30T13:59:00Z,presence/absence,A,NA,SEMSP,N,no,TvdS,224
U21576,P1358,CU,DE708N2,DE708,2020-06-05T00:00:00Z,D35,1899-12-30T13:50:00Z,11.3,106,19,1899-12-30T13:59:00Z,presence/absence,A,NA,SEMSP,N,no,TvdS,225
U21577,P1358,CU,DE708N2,DE708,2020-06-05T00:00:00Z,D35,1899-12-30T14:24:00Z,17,124,24,1899-12-30T14:42:00Z,presence/absence,P,NA,SEMSP,N,no,TvdS,226
U21578,P1358,CU,DE708N2,DE708,2020-06-05T00:00:00Z,D35,1899-12-30T14:30:00Z,10.5,103,21,1899-12-30T14:42:00Z,presence/absence,A,NA,SEMSP,N,no,TvdS,227
U21579,P1358,CU,DE708N2,DE708,2020-06-05T00:00:00Z,D35,1899-12-30T14:33:00Z,12,111,20,1899-12-30T14:42:00Z,presence/absence,A,NA,SEMSP,N,no,TvdS,228
U21580,P1358,CU,DE708N2,DE708,2020-06-05T00:00:00Z,D35,1899-12-30T14:35:00Z,7.5,98,18,1899-12-30T14:42:00Z,presence/absence,P,NA,SEMSP,N,no,TvdS,229
U23261,P1527,CO,DE708N2,DE708,2020-06-05T00:00:00Z,D35,1899-12-30T13:09:00Z,20.3,125,25,1899-12-30T13:25:00Z,NA,NA,NA,SEMSP,N,no,TvdS,230
U23262,P1527,CO,DE708N2,DE708,2020-06-05T00:00:00Z,D35,1899-12-30T13:43:00Z,NA,NA,NA,1899-12-30T13:53:00Z,NA,NA,NA,SEMSP,N,no,TvdS,231
U23263,P1527,CO,DE708N2,DE708,2020-06-05T00:00:00Z,D35,1899-12-30T13:55:00Z,NA,NA,NA,1899-12-30T14:05:00Z,NA,NA,NA,SEMSP,N,no,TvdS,232
U23264,P1527,CO,DE708N2,DE708,2020-06-05T00:00:00Z,D35,1899-12-30T13:59:00Z,NA,NA,NA,1899-12-30T14:05:00Z,NA,NA,NA,SEMSP,N,no,TvdS,233
U23051,P1506,SO,DE710N1,DE710,2020-06-10T00:00:00Z,D27,1899-12-30T08:09:00Z,9.5,99,18,1899-12-30T08:21:00Z,presence/absence,P,Head flicked to kill,SEMSP,N,no,TvdS,234
U23052,P1506,SO,DE710N1,DE710,2020-06-10T00:00:00Z,D27,1899-12-30T08:12:00Z,11.2,110,20,1899-12-30T08:21:00Z,presence/absence,P,NA,SEMSP,N,no,TvdS,235
U23053,P1506,SO,DE710N1,DE710,2020-06-10T00:00:00Z,D27,1899-12-30T08:15:00Z,9.2,101,19,1899-12-30T08:26:00Z,presence/absence,P,NA,SEMSP,N,no,TvdS,236
U23054,P1506,SO,DE710N1,DE710,2020-06-10T00:00:00Z,D27,1899-12-30T08:20:00Z,10.5,106,19,1899-12-30T08:26:00Z,presence/absence,P,NA,SEMSP,N,no,TvdS,237
U23055,P1506,SO,DE710N1,DE710,2020-06-10T00:00:00Z,D27,1899-12-30T08:23:00Z,10,103,19,1899-12-30T08:31:00Z,presence/absence,P,NA,SEMSP,N,no,TvdS,238
U23056,P1506,SO,DE710N1,DE710,2020-06-10T00:00:00Z,D27,1899-12-30T08:24:00Z,15.8,120,23,1899-12-30T08:31:00Z,presence/absence,P,NA,SEMSP,N,no,TvdS,239
U23057,P1506,SO,DE710N1,DE710,2020-06-10T00:00:00Z,D27,1899-12-30T08:27:00Z,20,128,25,1899-12-30T08:41:00Z,presence/absence,A,NA,SEMSP,N,no,TvdS,240
U23058,P1506,SO,DE710N1,DE710,2020-06-10T00:00:00Z,D27,1899-12-30T08:30:00Z,15.9,122,22,1899-12-30T08:41:00Z,presence/absence,P,NA,SEMSP,N,no,TvdS,241
U23059,P1506,SO,DE710N1,DE710,2020-06-10T00:00:00Z,D27,1899-12-30T08:31:00Z,7.7,95,18,1899-12-30T08:45:00Z,presence/absence,P,NA,SEMSP,N,no,TvdS,242
U23060,P1506,SO,DE710N1,DE710,2020-06-10T00:00:00Z,D27,1899-12-30T08:33:00Z,15.5,118,22,1899-12-30T08:45:00Z,presence/absence,P,NA,SEMSP,N,no,TvdS,243
U23061,P1507,PI,DE710N1,DE710,2020-06-10T00:00:00Z,D27,1899-12-30T08:37:00Z,7.4,96,17,1899-12-30T08:58:00Z,presence/absence,A,NA,SEMSP,N,no,TvdS,244
U23062,P1507,PI,DE710N1,DE710,2020-06-10T00:00:00Z,D27,1899-12-30T08:39:00Z,6.9,94,17,1899-12-30T08:58:00Z,presence/absence,P,NA,SEMSP,N,no,TvdS,245
U23063,P1507,PI,DE710N1,DE710,2020-06-10T00:00:00Z,D27,1899-12-30T08:40:00Z,4.4,90,14,1899-12-30T08:58:00Z,presence/absence,P,NA,SEMSP,N,no,TvdS,246
U23064,P1507,PI,DE710N1,DE710,2020-06-10T00:00:00Z,D27,1899-12-30T08:42:00Z,4.9,85,14,1899-12-30T08:58:00Z,presence/absence,P,NA,SEMSP,N,no,TvdS,247
U23065,P1507,PI,DE710N1,DE710,2020-06-10T00:00:00Z,D27,1899-12-30T08:43:00Z,5.8,89,15,1899-12-30T08:58:00Z,presence/absence,P,Fell on pants,SEMSP,N,no,TvdS,248
U23066,P1507,PI,DE710N1,DE710,2020-06-10T00:00:00Z,D27,1899-12-30T08:47:00Z,6.2,93,17,1899-12-30T09:14:00Z,presence/absence,P,NA,SEMSP,N,no,TvdS,249
U23067,P1507,PI,DE710N1,DE710,2020-06-10T00:00:00Z,D27,1899-12-30T08:50:00Z,3.9,88,15,1899-12-30T09:14:00Z,presence/absence,A,NA,SEMSP,N,no,TvdS,250
U23068,P1507,PI,DE710N1,DE710,2020-06-10T00:00:00Z,D27,1899-12-30T08:52:00Z,6.5,99,16,1899-12-30T09:14:00Z,presence/absence,A,NA,SEMSP,N,no,TvdS,251
U23069,P1507,PI,DE710N1,DE710,2020-06-10T00:00:00Z,D27,1899-12-30T08:54:00Z,4.4,87,15,1899-12-30T09:14:00Z,presence/absence,A,NA,SEMSP,N,no,TvdS,252
U23070,P1507,PI,DE710N1,DE710,2020-06-10T00:00:00Z,D27,1899-12-30T08:58:00Z,4.9,85,15,1899-12-30T09:14:00Z,presence/absence,P,NA,SEMSP,N,no,TvdS,253
U23091,P1510,CU,DE710N1,DE710,2020-06-10T00:00:00Z,D27,1899-12-30T09:14:00Z,7.9,99,18,1899-12-30T09:33:00Z,presence/absence,P,NA,SEMSP,N,no,TvdS,254
U23092,P1510,CU,DE710N1,DE710,2020-06-10T00:00:00Z,D27,1899-12-30T09:26:00Z,6.3,90,17,1899-12-30T09:33:00Z,presence/absence,P,NA,SEMSP,N,no,TvdS,255
U23093,P1510,CU,DE710N1,DE710,2020-06-10T00:00:00Z,D27,1899-12-30T10:07:00Z,17.3,123,24,NA,NA,NA,No lice data or time_dewar recorded,SEMSP,N,no,TvdS,256
U23071,P1508,SO,DE710N1,DE710,2020-06-10T00:00:00Z,D27,1899-12-30T09:05:00Z,NA,NA,NA,1899-12-30T09:30:00Z,NA,P,NA,SEMSP,N,no,TvdS,264
U23072,P1508,SO,DE710N1,DE710,2020-06-10T00:00:00Z,D27,1899-12-30T09:17:00Z,NA,NA,NA,1899-12-30T09:30:00Z,NA,P,NA,SEMSP,N,no,TvdS,265
U23073,P1508,SO,DE710N1,DE710,2020-06-10T00:00:00Z,D27,1899-12-30T09:19:00Z,NA,NA,NA,1899-12-30T09:30:00Z,NA,NA,NA,SEMSP,N,no,TvdS,266
U23074,P1508,SO,DE710N1,DE710,2020-06-10T00:00:00Z,D27,1899-12-30T09:21:00Z,NA,NA,NA,1899-12-30T09:30:00Z,NA,NA,NA,SEMSP,N,no,TvdS,267
U23075,P1508,SO,DE710N1,DE710,2020-06-10T00:00:00Z,D27,1899-12-30T09:36:00Z,NA,NA,NA,1899-12-30T09:48:00Z,NA,NA,NA,SEMSP,N,no,TvdS,268
U23076,P1508,SO,DE710N1,DE710,2020-06-10T00:00:00Z,D27,1899-12-30T09:40:00Z,NA,NA,NA,1899-12-30T09:48:00Z,NA,NA,NA,SEMSP,N,no,TvdS,269
U23077,P1508,SO,DE710N1,DE710,2020-06-10T00:00:00Z,D27,1899-12-30T09:43:00Z,NA,NA,NA,1899-12-30T09:48:00Z,NA,NA,NA,SEMSP,N,no,TvdS,270
U23078,P1508,SO,DE710N1,DE710,2020-06-10T00:00:00Z,D27,1899-12-30T09:47:00Z,NA,NA,NA,1899-12-30T10:00:00Z,NA,NA,NA,SEMSP,N,no,TvdS,271
U23079,P1508,SO,DE710N1,DE710,2020-06-10T00:00:00Z,D27,1899-12-30T09:49:00Z,NA,NA,NA,1899-12-30T10:00:00Z,NA,NA,NA,SEMSP,N,no,TvdS,272
U23080,P1508,SO,DE710N1,DE710,2020-06-10T00:00:00Z,D27,1899-12-30T09:52:00Z,NA,NA,NA,1899-12-30T10:00:00Z,NA,NA,NA,SEMSP,N,no,TvdS,273
U23081,P1509,CO,DE710N1,DE710,2020-06-10T00:00:00Z,D27,1899-12-30T09:53:00Z,NA,NA,NA,1899-12-30T10:11:00Z,NA,NA,NA,SEMSP,N,no,TvdS,274
U23101,P1511,HE,DE710N1,DE710,2020-06-10T00:00:00Z,D27,1899-12-30T09:57:00Z,NA,NA,NA,1899-12-30T10:06:00Z,NA,NA,NA,SEMSP,N,no,TvdS,275
U23451,P1546,SO,DE711N1,DE711,2020-06-16T00:00:00Z,D09,1899-12-30T07:39:00Z,10,105,20,1899-12-30T07:48:00Z,presence/absence,P,NA,SEMSP,N,no,TvdS,276
U23452,P1546,SO,DE711N1,DE711,2020-06-16T00:00:00Z,D09,1899-12-30T07:41:00Z,9.5,101,19,1899-12-30T07:48:00Z,presence/absence,P,NA,SEMSP,N,no,TvdS,277
U23453,P1546,SO,DE711N1,DE711,2020-06-16T00:00:00Z,D09,1899-12-30T07:41:00Z,10.5,104,19,1899-12-30T07:52:00Z,presence/absence,P,NA,SEMSP,N,no,TvdS,278
U23454,P1546,SO,DE711N1,DE711,2020-06-16T00:00:00Z,D09,1899-12-30T07:43:00Z,9,101,17,1899-12-30T07:52:00Z,presence/absence,P,NA,SEMSP,N,no,TvdS,279
U23455,P1546,SO,DE711N1,DE711,2020-06-16T00:00:00Z,D09,1899-12-30T07:47:00Z,11,106,20,1899-12-30T07:56:00Z,presence/absence,P,NA,SEMSP,N,no,TvdS,280
U23456,P1546,SO,DE711N1,DE711,2020-06-16T00:00:00Z,D09,1899-12-30T07:49:00Z,10,102,18,1899-12-30T07:56:00Z,presence/absence,P,NA,SEMSP,N,no,TvdS,281
U23457,P1546,SO,DE711N1,DE711,2020-06-16T00:00:00Z,D09,1899-12-30T07:52:00Z,13,112,21,1899-12-30T08:03:00Z,presence/absence,P,NA,SEMSP,N,no,TvdS,282
U23458,P1546,SO,DE711N1,DE711,2020-06-16T00:00:00Z,D09,1899-12-30T07:54:00Z,8,96,18,1899-12-30T08:03:00Z,presence/absence,A,NA,SEMSP,N,no,TvdS,283
U23459,P1546,SO,DE711N1,DE711,2020-06-16T00:00:00Z,D09,1899-12-30T07:54:00Z,8.5,98,17,1899-12-30T08:08:00Z,presence/absence,P,NA,SEMSP,N,no,TvdS,284
U23460,P1546,SO,DE711N1,DE711,2020-06-16T00:00:00Z,D09,1899-12-30T08:00:00Z,11.5,109,20,1899-12-30T08:08:00Z,presence/absence,P,NA,SEMSP,N,no,TvdS,285
U23471,P1548,PI,DE711N1,DE711,2020-06-16T00:00:00Z,D09,1899-12-30T08:25:00Z,7,99,17,1899-12-30T08:57:00Z,NA,NA,NA,SEMSP,N,no,TvdS,286
U23472,P1548,PI,DE711N1,DE711,2020-06-16T00:00:00Z,D09,1899-12-30T08:29:00Z,5.5,86,15,1899-12-30T08:57:00Z,presence/absence,A,NA,SEMSP,N,no,TvdS,287
U23473,P1548,PI,DE711N1,DE711,2020-06-16T00:00:00Z,D09,1899-12-30T08:31:00Z,6.5,89,16,1899-12-30T08:57:00Z,presence/absence,P,NA,SEMSP,N,no,TvdS,288
U23474,P1548,PI,DE711N1,DE711,2020-06-16T00:00:00Z,D09,1899-12-30T08:33:00Z,6,89,16,1899-12-30T08:57:00Z,presence/absence,P,NA,SEMSP,N,no,TvdS,289
U23475,P1548,PI,DE711N1,DE711,2020-06-16T00:00:00Z,D09,1899-12-30T08:36:00Z,5.5,84,14,1899-12-30T08:57:00Z,presence/absence,P,NA,SEMSP,N,no,TvdS,290
U23476,P1548,PI,DE711N1,DE711,2020-06-16T00:00:00Z,D09,1899-12-30T08:37:00Z,4.5,81,14,1899-12-30T08:57:00Z,presence/absence,A,NA,SEMSP,N,no,TvdS,291
U23477,P1548,PI,DE711N1,DE711,2020-06-16T00:00:00Z,D09,1899-12-30T08:39:00Z,6.5,90,17,1899-12-30T08:57:00Z,presence/absence,A,NA,SEMSP,N,no,TvdS,292
U23478,P1548,PI,DE711N1,DE711,2020-06-16T00:00:00Z,D09,1899-12-30T08:40:00Z,6,90,16,1899-12-30T08:57:00Z,presence/absence,P,NA,SEMSP,N,no,TvdS,293
U23479,P1548,PI,DE711N1,DE711,2020-06-16T00:00:00Z,D09,1899-12-30T08:42:00Z,5,85,15,1899-12-30T08:57:00Z,presence/absence,A,NA,SEMSP,N,no,TvdS,294
U23480,P1548,PI,DE711N1,DE711,2020-06-16T00:00:00Z,D09,1899-12-30T08:44:00Z,6.5,90,15,1899-12-30T08:57:00Z,presence/absence,P,NA,SEMSP,N,no,TvdS,295
U23461,P1547,CU,DE711N1,DE711,2020-06-16T00:00:00Z,D09,1899-12-30T08:02:00Z,9.5,103,19,1899-12-30T08:34:00Z,presence/absence,P,NA,SEMSP,N,no,TvdS,296
U23462,P1547,CU,DE711N1,DE711,2020-06-16T00:00:00Z,D09,1899-12-30T08:04:00Z,15.5,124,22,1899-12-30T08:34:00Z,presence/absence,P,NA,SEMSP,N,no,TvdS,297
U23463,P1547,CU,DE711N1,DE711,2020-06-16T00:00:00Z,D09,1899-12-30T08:07:00Z,11.5,110,19,1899-12-30T08:34:00Z,presence/absence,P,NA,SEMSP,N,no,TvdS,298
U23464,P1547,CU,DE711N1,DE711,2020-06-16T00:00:00Z,D09,1899-12-30T08:08:00Z,15.5,118,21,1899-12-30T08:34:00Z,presence/absence,P,NA,SEMSP,N,no,TvdS,299
U23465,P1547,CU,DE711N1,DE711,2020-06-16T00:00:00Z,D09,1899-12-30T08:10:00Z,6.5,91,16,1899-12-30T08:34:00Z,presence/absence,P,NA,SEMSP,N,no,TvdS,300
U23466,P1547,CU,DE711N1,DE711,2020-06-16T00:00:00Z,D09,1899-12-30T08:11:00Z,11,108,20,1899-12-30T08:34:00Z,presence/absence,P,NA,SEMSP,N,no,TvdS,301
U23467,P1547,CU,DE711N1,DE711,2020-06-16T00:00:00Z,D09,1899-12-30T08:13:00Z,11.5,110,19,1899-12-30T08:34:00Z,presence/absence,P,NA,SEMSP,N,no,TvdS,302
U23468,P1547,CU,DE711N1,DE711,2020-06-16T00:00:00Z,D09,1899-12-30T08:18:00Z,10,105,19,1899-12-30T08:34:00Z,presence/absence,P,NA,SEMSP,N,no,TvdS,303
U23469,P1547,CU,DE711N1,DE711,2020-06-16T00:00:00Z,D09,1899-12-30T08:22:00Z,6.5,90,15,1899-12-30T08:34:00Z,presence/absence,A,NA,SEMSP,N,no,TvdS,304
U23470,P1547,CU,DE711N1,DE711,2020-06-16T00:00:00Z,D09,1899-12-30T08:26:00Z,9,103,20,1899-12-30T08:34:00Z,presence/absence,A,Isopod,SEMSP,N,no,TvdS,305
U23481,P1549,SO,DE711N1,DE711,2020-06-16T00:00:00Z,D09,1899-12-30T08:16:00Z,NA,NA,NA,1899-12-30T08:26:00Z,NA,NA,NA,SEMSP,N,no,TvdS,306
U23482,P1549,SO,DE711N1,DE711,2020-06-16T00:00:00Z,D09,1899-12-30T08:20:00Z,NA,NA,NA,1899-12-30T08:26:00Z,NA,NA,NA,SEMSP,N,no,TvdS,307
U23483,P1549,SO,DE711N1,DE711,2020-06-16T00:00:00Z,D09,1899-12-30T08:30:00Z,NA,NA,NA,1899-12-30T08:39:00Z,NA,NA,NA,SEMSP,N,no,TvdS,308
U23484,P1549,SO,DE711N1,DE711,2020-06-16T00:00:00Z,D09,1899-12-30T08:32:00Z,NA,NA,NA,1899-12-30T08:39:00Z,NA,NA,NA,SEMSP,N,no,TvdS,309
U23485,P1549,SO,DE711N1,DE711,2020-06-16T00:00:00Z,D09,1899-12-30T08:35:00Z,NA,NA,NA,1899-12-30T08:46:00Z,NA,NA,NA,SEMSP,N,no,TvdS,310
U23486,P1549,SO,DE711N1,DE711,2020-06-16T00:00:00Z,D09,1899-12-30T08:36:00Z,NA,NA,NA,1899-12-30T08:46:00Z,NA,NA,NA,SEMSP,N,no,TvdS,311
U23487,P1549,SO,DE711N1,DE711,2020-06-16T00:00:00Z,D09,1899-12-30T08:50:00Z,NA,NA,NA,1899-12-30T09:05:00Z,NA,NA,NA,SEMSP,N,no,TvdS,312
U23488,P1549,SO,DE711N1,DE711,2020-06-16T00:00:00Z,D09,1899-12-30T08:55:00Z,NA,NA,NA,1899-12-30T09:05:00Z,NA,NA,NA,SEMSP,N,no,TvdS,313
U23489,P1549,SO,DE711N1,DE711,2020-06-16T00:00:00Z,D09,1899-12-30T09:00:00Z,NA,NA,NA,1899-12-30T09:23:00Z,NA,NA,NA,SEMSP,N,no,TvdS,314
U23141,P1515,SO,DE714N2,DE714,2020-06-22T00:00:00Z,D09,1899-12-30T08:55:00Z,15,114,21,1899-12-30T09:10:00Z,presence/absence,P,NA,SEMSP,N,no,NA,315
U23142,P1515,SO,DE714N2,DE714,2020-06-22T00:00:00Z,D09,1899-12-30T09:02:00Z,13,109,21,1899-12-30T09:10:00Z,presence/absence,P,NA,SEMSP,N,no,NA,316
U23143,P1515,SO,DE714N2,DE714,2020-06-22T00:00:00Z,D09,1899-12-30T09:06:00Z,9.2,102,18,1899-12-30T09:19:00Z,presence/absence,P,NA,SEMSP,N,no,NA,317
U23144,P1515,SO,DE714N2,DE714,2020-06-22T00:00:00Z,D09,1899-12-30T09:08:00Z,13,107,21,1899-12-30T09:19:00Z,presence/absence,P,NA,SEMSP,N,no,NA,318
U23145,P1515,SO,DE714N2,DE714,2020-06-22T00:00:00Z,D09,1899-12-30T09:13:00Z,11.5,101,20,1899-12-30T09:25:00Z,presence/absence,P,NA,SEMSP,N,no,NA,319
U23146,P1515,SO,DE714N2,DE714,2020-06-22T00:00:00Z,D09,1899-12-30T09:16:00Z,10,103,19,1899-12-30T09:25:00Z,presence/absence,P,NA,SEMSP,N,no,NA,320
U23147,P1515,SO,DE714N2,DE714,2020-06-22T00:00:00Z,D09,1899-12-30T09:20:00Z,12.5,109,21,1899-12-30T09:35:00Z,presence/absence,P,NA,SEMSP,N,no,NA,321
U23148,P1515,SO,DE714N2,DE714,2020-06-22T00:00:00Z,D09,1899-12-30T09:28:00Z,16,118,23,1899-12-30T09:35:00Z,presence/absence,P,NA,SEMSP,N,no,NA,322
U23149,P1515,SO,DE714N2,DE714,2020-06-22T00:00:00Z,D09,1899-12-30T09:40:00Z,19.3,124,24,1899-12-30T09:53:00Z,presence/absence,P,NA,SEMSP,N,no,NA,323
U23150,P1515,SO,DE714N2,DE714,2020-06-22T00:00:00Z,D09,1899-12-30T09:44:00Z,20.3,131,25,1899-12-30T09:53:00Z,presence/absence,P,NA,SEMSP,N,no,NA,324
U23131,P1514,PI,DE714N2,DE714,2020-06-22T00:00:00Z,D09,1899-12-30T09:47:00Z,6,90,16,1899-12-30T10:15:00Z,presence/absence,P,NA,SEMSP,N,no,NA,325
U23132,P1514,PI,DE714N2,DE714,2020-06-22T00:00:00Z,D09,1899-12-30T09:49:00Z,6,87,15,1899-12-30T10:15:00Z,presence/absence,P,NA,SEMSP,N,no,NA,326
U23133,P1514,PI,DE714N2,DE714,2020-06-22T00:00:00Z,D09,1899-12-30T09:50:00Z,4.8,85,14,1899-12-30T10:15:00Z,presence/absence,P,NA,SEMSP,N,no,NA,327
U23134,P1514,PI,DE714N2,DE714,2020-06-22T00:00:00Z,D09,1899-12-30T09:53:00Z,8.2,96,18,1899-12-30T10:15:00Z,presence/absence,P,NA,SEMSP,N,no,NA,328
U23135,P1514,PI,DE714N2,DE714,2020-06-22T00:00:00Z,D09,1899-12-30T09:54:00Z,6,92,17,1899-12-30T10:15:00Z,presence/absence,P,NA,SEMSP,N,no,NA,329
U23136,P1514,PI,DE714N2,DE714,2020-06-22T00:00:00Z,D09,1899-12-30T09:55:00Z,5.5,83,14,1899-12-30T10:15:00Z,presence/absence,P,NA,SEMSP,N,no,NA,330
U23137,P1514,PI,DE714N2,DE714,2020-06-22T00:00:00Z,D09,1899-12-30T09:56:00Z,9.1,100,18,1899-12-30T10:15:00Z,presence/absence,P,NA,SEMSP,N,no,NA,331
U23138,P1514,PI,DE714N2,DE714,2020-06-22T00:00:00Z,D09,1899-12-30T09:58:00Z,9,103,18,1899-12-30T10:15:00Z,presence/absence,P,NA,SEMSP,N,no,NA,332
U23139,P1514,PI,DE714N2,DE714,2020-06-22T00:00:00Z,D09,1899-12-30T09:59:00Z,3.8,86,13,1899-12-30T10:15:00Z,presence/absence,P,NA,SEMSP,N,no,NA,333
U23140,P1514,PI,DE714N2,DE714,2020-06-22T00:00:00Z,D09,1899-12-30T10:00:00Z,5.4,85,15,1899-12-30T10:15:00Z,presence/absence,P,NA,SEMSP,N,no,NA,334
U23121,P1513,CU,DE714N2,DE714,2020-06-22T00:00:00Z,D09,1899-12-30T10:03:00Z,21,131,24,1899-12-30T10:24:00Z,presence/absence,P,NA,SEMSP,N,no,NA,335
U23122,P1513,CU,DE714N2,DE714,2020-06-22T00:00:00Z,D09,1899-12-30T10:35:00Z,11.2,104,20,1899-12-30T11:14:00Z,presence/absence,P,NA,SEMSP,N,no,NA,336
U23123,P1513,CU,DE714N2,DE714,2020-06-22T00:00:00Z,D09,1899-12-30T10:46:00Z,17.3,124,22,1899-12-30T11:14:00Z,presence/absence,P,NA,SEMSP,N,no,NA,337
U23124,P1513,CU,DE714N2,DE714,2020-06-22T00:00:00Z,D09,1899-12-30T10:53:00Z,17.4,121,22,1899-12-30T11:14:00Z,presence/absence,P,NA,SEMSP,N,no,NA,338
U23125,P1513,CU,DE714N2,DE714,2020-06-22T00:00:00Z,D09,1899-12-30T10:55:00Z,10.3,106,19,1899-12-30T11:14:00Z,presence/absence,P,NA,SEMSP,N,no,NA,339
U23126,P1513,CU,DE714N2,DE714,2020-06-22T00:00:00Z,D09,1899-12-30T10:57:00Z,13.3,112,21,1899-12-30T11:14:00Z,presence/absence,P,NA,SEMSP,N,no,NA,340
U23127,P1513,CU,DE714N2,DE714,2020-06-22T00:00:00Z,D09,1899-12-30T11:00:00Z,9.4,103,19,1899-12-30T11:14:00Z,presence/absence,A,NA,SEMSP,N,no,NA,341
U23128,P1513,CU,DE714N2,DE714,2020-06-22T00:00:00Z,D09,1899-12-30T11:10:00Z,13,107,21,1899-12-30T11:30:00Z,presence/absence,P,NA,SEMSP,N,no,NA,342
U23129,P1513,CU,DE714N2,DE714,2020-06-22T00:00:00Z,D09,1899-12-30T11:22:00Z,7.4,93,17,1899-12-30T11:30:00Z,presence/absence,P,NA,SEMSP,N,no,NA,343
U23130,P1513,CU,DE714N2,DE714,2020-06-22T00:00:00Z,D09,1899-12-30T11:23:00Z,10.6,107,20,1899-12-30T11:30:00Z,presence/absence,P,NA,SEMSP,N,no,NA,344
U23371,P1538,SO,DE714N2,DE714,2020-06-22T00:00:00Z,D09,1899-12-30T10:39:00Z,NA,NA,NA,NA,NA,NA,NA,SEMSP,N,no,NA,345
U23372,P1538,SO,DE714N2,DE714,2020-06-22T00:00:00Z,D09,1899-12-30T10:39:00Z,NA,NA,NA,NA,NA,NA,NA,SEMSP,N,no,NA,346
U23373,P1538,SO,DE714N2,DE714,2020-06-22T00:00:00Z,D09,1899-12-30T10:44:00Z,NA,NA,NA,NA,NA,NA,NA,SEMSP,N,no,NA,347
U23374,P1538,SO,DE714N2,DE714,2020-06-22T00:00:00Z,D09,1899-12-30T10:51:00Z,NA,NA,NA,NA,NA,NA,NA,SEMSP,N,no,NA,348
U23375,P1538,SO,DE714N2,DE714,2020-06-22T00:00:00Z,D09,1899-12-30T11:03:00Z,NA,NA,NA,NA,NA,NA,NA,SEMSP,N,no,NA,349
U23376,P1538,SO,DE714N2,DE714,2020-06-22T00:00:00Z,D09,1899-12-30T11:09:00Z,NA,NA,NA,NA,NA,NA,NA,SEMSP,N,no,NA,350
U23491,P1550,SO,DE715N1,DE715,2020-06-23T00:00:00Z,D27,1899-12-30T07:58:00Z,12.5,109,20,1899-12-30T08:11:00Z,presence/absence,P,head flick,SEMSP,N,no,NA,351
U23492,P1550,SO,DE715N1,DE715,2020-06-23T00:00:00Z,D27,1899-12-30T08:02:00Z,10,108,19,1899-12-30T08:11:00Z,presence/absence,P,NA,SEMSP,N,no,NA,352
U23493,P1550,SO,DE715N1,DE715,2020-06-23T00:00:00Z,D27,1899-12-30T08:03:00Z,17.5,115,24,1899-12-30T08:19:00Z,presence/absence,P,NA,SEMSP,N,no,NA,353
U23494,P1550,SO,DE715N1,DE715,2020-06-23T00:00:00Z,D27,1899-12-30T08:04:00Z,16,103,21,1899-12-30T08:19:00Z,presence/absence,P,NA,SEMSP,N,no,NA,354
U23495,P1550,SO,DE715N1,DE715,2020-06-23T00:00:00Z,D27,1899-12-30T08:06:00Z,13.5,115,20,1899-12-30T08:26:00Z,presence/absence,P,NA,SEMSP,N,no,NA,355
U23496,P1550,SO,DE715N1,DE715,2020-06-23T00:00:00Z,D27,1899-12-30T08:07:00Z,16,119,23,1899-12-30T08:26:00Z,presence/absence,P,NA,SEMSP,N,no,NA,356
U23497,P1550,SO,DE715N1,DE715,2020-06-23T00:00:00Z,D27,1899-12-30T08:08:00Z,14.5,115,21,1899-12-30T08:36:00Z,presence/absence,P,NA,SEMSP,N,no,NA,357
U23498,P1550,SO,DE715N1,DE715,2020-06-23T00:00:00Z,D27,1899-12-30T08:16:00Z,11.5,106,21,1899-12-30T08:36:00Z,presence/absence,P,NA,SEMSP,N,no,NA,358
U23499,P1550,SO,DE715N1,DE715,2020-06-23T00:00:00Z,D27,1899-12-30T08:18:00Z,17,117,22,1899-12-30T08:36:00Z,presence/absence,P,NA,SEMSP,N,no,NA,359
U23500,P1550,SO,DE715N1,DE715,2020-06-23T00:00:00Z,D27,1899-12-30T08:19:00Z,6,93,17,1899-12-30T08:36:00Z,presence/absence,P,NA,SEMSP,N,no,NA,360
U23001,P1501,PI,DE715N1,DE715,2020-06-23T00:00:00Z,D27,1899-12-30T08:21:00Z,11,107,20,1899-12-30T08:50:00Z,presence/absence,A,NA,SEMSP,N,no,NA,361
U23002,P1501,PI,DE715N1,DE715,2020-06-23T00:00:00Z,D27,1899-12-30T08:23:00Z,12,115,20,1899-12-30T08:50:00Z,presence/absence,P,NA,SEMSP,N,no,NA,362
U23003,P1501,PI,DE715N1,DE715,2020-06-23T00:00:00Z,D27,1899-12-30T08:26:00Z,8,97,16,1899-12-30T08:50:00Z,presence/absence,A,NA,SEMSP,N,no,NA,363
U23004,P1501,PI,DE715N1,DE715,2020-06-23T00:00:00Z,D27,1899-12-30T08:25:00Z,6.5,98,16,1899-12-30T08:50:00Z,presence/absence,P,NA,SEMSP,N,no,NA,364
U23005,P1501,PI,DE715N1,DE715,2020-06-23T00:00:00Z,D27,1899-12-30T08:26:00Z,14.5,120,24,1899-12-30T08:50:00Z,presence/absence,A,NA,SEMSP,N,no,NA,365
U23006,P1501,PI,DE715N1,DE715,2020-06-23T00:00:00Z,D27,1899-12-30T08:28:00Z,12,112,22,1899-12-30T09:00:00Z,presence/absence,P,NA,SEMSP,N,no,NA,366
U23007,P1501,PI,DE715N1,DE715,2020-06-23T00:00:00Z,D27,1899-12-30T08:29:00Z,10,107,20,1899-12-30T09:00:00Z,presence/absence,P,NA,SEMSP,N,no,NA,367
U23008,P1501,PI,DE715N1,DE715,2020-06-23T00:00:00Z,D27,1899-12-30T08:30:00Z,3.5,89,15,1899-12-30T09:00:00Z,presence/absence,A,NA,SEMSP,N,no,NA,368
U23009,P1501,PI,DE715N1,DE715,2020-06-23T00:00:00Z,D27,1899-12-30T08:31:00Z,10,114,20,1899-12-30T09:00:00Z,presence/absence,A,NA,SEMSP,N,no,NA,369
U23010,P1501,PI,DE715N1,DE715,2020-06-23T00:00:00Z,D27,1899-12-30T08:32:00Z,5.5,97,15,1899-12-30T09:00:00Z,presence/absence,A,NA,SEMSP,N,no,NA,370
U23011,P1502,CU,DE715N1,DE715,2020-06-23T00:00:00Z,D27,1899-12-30T08:41:00Z,26.5,139,27,1899-12-30T09:15:00Z,presence/absence,P,NA,SEMSP,N,no,NA,371
U23012,P1502,CU,DE715N1,DE715,2020-06-23T00:00:00Z,D27,1899-12-30T08:45:00Z,20,132,24,1899-12-30T09:15:00Z,presence/absence,P,NA,SEMSP,N,no,NA,372
U23013,P1502,CU,DE715N1,DE715,2020-06-23T00:00:00Z,D27,1899-12-30T08:52:00Z,17.5,121,22,1899-12-30T09:15:00Z,presence/absence,P,NA,SEMSP,N,no,NA,373
U23014,P1502,CU,DE715N1,DE715,2020-06-23T00:00:00Z,D27,1899-12-30T08:53:00Z,11.5,110,18,1899-12-30T09:15:00Z,presence/absence,P,NA,SEMSP,N,no,NA,374
U23015,P1502,CU,DE715N1,DE715,2020-06-23T00:00:00Z,D27,1899-12-30T08:56:00Z,7,100,16,1899-12-30T09:15:00Z,presence/absence,A,NA,SEMSP,N,no,NA,375
U23016,P1502,CU,DE715N1,DE715,2020-06-23T00:00:00Z,D27,1899-12-30T08:57:00Z,12.5,112,20,1899-12-30T09:27:00Z,presence/absence,A,NA,SEMSP,N,no,NA,376
U23017,P1502,CU,DE715N1,DE715,2020-06-23T00:00:00Z,D27,1899-12-30T09:01:00Z,16,124,24,1899-12-30T09:27:00Z,presence/absence,A,NA,SEMSP,N,no,NA,377
U23018,P1502,CU,DE715N1,DE715,2020-06-23T00:00:00Z,D27,1899-12-30T09:03:00Z,15.5,113,22,1899-12-30T09:27:00Z,presence/absence,P,NA,SEMSP,N,no,NA,378
U23019,P1502,CU,DE715N1,DE715,2020-06-23T00:00:00Z,D27,1899-12-30T09:05:00Z,11.5,105,19,1899-12-30T09:27:00Z,presence/absence,P,NA,SEMSP,N,no,NA,379
U23020,P1502,CU,DE715N1,DE715,2020-06-23T00:00:00Z,D27,1899-12-30T09:06:00Z,7.5,100,17,1899-12-30T09:27:00Z,presence/absence,A,NA,SEMSP,N,no,NA,380
U23021,P1503,SO,DE715N1,DE715,2020-06-23T00:00:00Z,D27,1899-12-30T09:15:00Z,NA,NA,NA,1899-12-30T09:36:00Z,NA,NA,NA,SEMSP,N,no,NA,381
U23022,P1503,SO,DE715N1,DE715,2020-06-23T00:00:00Z,D27,1899-12-30T09:20:00Z,NA,NA,NA,1899-12-30T09:36:00Z,NA,NA,NA,SEMSP,N,no,NA,382
U23023,P1503,SO,DE715N1,DE715,2020-06-23T00:00:00Z,D27,1899-12-30T09:22:00Z,NA,NA,NA,1899-12-30T09:36:00Z,NA,NA,NA,SEMSP,N,no,NA,383
U23024,P1503,SO,DE715N1,DE715,2020-06-23T00:00:00Z,D27,1899-12-30T09:24:00Z,NA,NA,NA,1899-12-30T09:40:00Z,NA,NA,NA,SEMSP,N,no,NA,384
U23025,P1503,SO,DE715N1,DE715,2020-06-23T00:00:00Z,D27,1899-12-30T09:28:00Z,NA,NA,NA,1899-12-30T09:40:00Z,NA,NA,NA,SEMSP,N,no,NA,385
U23026,P1503,SO,DE715N1,DE715,2020-06-23T00:00:00Z,D27,1899-12-30T09:30:00Z,NA,NA,NA,1899-12-30T09:46:00Z,NA,NA,NA,SEMSP,N,no,NA,386
U23027,P1503,SO,DE715N1,DE715,2020-06-23T00:00:00Z,D27,1899-12-30T09:33:00Z,NA,NA,NA,1899-12-30T09:46:00Z,NA,NA,NA,SEMSP,N,no,NA,387
U23028,P1503,SO,DE715N1,DE715,2020-06-23T00:00:00Z,D27,1899-12-30T09:35:00Z,NA,NA,NA,1899-12-30T09:46:00Z,NA,NA,NA,SEMSP,N,no,NA,388
U23029,P1503,SO,DE715N1,DE715,2020-06-23T00:00:00Z,D27,1899-12-30T09:50:00Z,NA,NA,NA,1899-12-30T10:00:00Z,NA,NA,NA,SEMSP,N,no,NA,389
U23351,P1536,PI,DE720N2,DE720,2020-07-03T00:00:00Z,D10,1899-12-30T10:20:00Z,8.5,99,17,1899-12-30T10:44:00Z,presence/absence,A,NA,SEMSP,N,no,NA,390
U23352,P1536,PI,DE720N2,DE720,2020-07-03T00:00:00Z,D10,1899-12-30T10:22:00Z,8,96,17,1899-12-30T10:44:00Z,presence/absence,P,NA,SEMSP,N,no,NA,391
U23353,P1536,PI,DE720N2,DE720,2020-07-03T00:00:00Z,D10,1899-12-30T10:24:00Z,7.9,100,18,1899-12-30T10:44:00Z,presence/absence,P,NA,SEMSP,N,no,NA,392
U23354,P1536,PI,DE720N2,DE720,2020-07-03T00:00:00Z,D10,1899-12-30T10:27:00Z,5.7,92,17,1899-12-30T10:44:00Z,presence/absence,P,NA,SEMSP,N,no,NA,393
U23355,P1536,PI,DE720N2,DE720,2020-07-03T00:00:00Z,D10,1899-12-30T10:29:00Z,7.9,97,17,1899-12-30T10:44:00Z,presence/absence,P,NA,SEMSP,N,no,NA,394
U23356,P1536,PI,DE720N2,DE720,2020-07-03T00:00:00Z,D10,1899-12-30T10:31:00Z,7.2,95,17,1899-12-30T11:06:00Z,presence/absence,A,NA,SEMSP,N,no,NA,395
U23357,P1536,PI,DE720N2,DE720,2020-07-03T00:00:00Z,D10,1899-12-30T10:35:00Z,7.1,94,15,1899-12-30T11:06:00Z,presence/absence,P,NA,SEMSP,N,no,NA,396
U23358,P1536,PI,DE720N2,DE720,2020-07-03T00:00:00Z,D10,1899-12-30T10:38:00Z,7.1,94,17,1899-12-30T11:06:00Z,presence/absence,A,NA,SEMSP,N,no,NA,397
U23359,P1536,PI,DE720N2,DE720,2020-07-03T00:00:00Z,D10,1899-12-30T10:42:00Z,12.5,110,22,1899-12-30T11:06:00Z,presence/absence,A,NA,SEMSP,N,no,NA,398
U23360,P1536,PI,DE720N2,DE720,2020-07-03T00:00:00Z,D10,1899-12-30T10:45:00Z,12.5,108,20,1899-12-30T11:06:00Z,presence/absence,A,NA,SEMSP,N,no,NA,399
U23361,P1537,CU,DE720N2,DE720,2020-07-03T00:00:00Z,D10,1899-12-30T10:07:00Z,8,93,15,1899-12-30T10:27:00Z,presence/absence,A,NA,SEMSP,N,no,NA,400
U23362,P1537,CU,DE720N2,DE720,2020-07-03T00:00:00Z,D10,1899-12-30T10:51:00Z,15,119,22,1899-12-30T11:18:00Z,presence/absence,P,NA,SEMSP,N,no,NA,401
U23363,P1537,CU,DE720N2,DE720,2020-07-03T00:00:00Z,D10,1899-12-30T11:05:00Z,8.4,98,17,1899-12-30T11:18:00Z,presence/absence,P,NA,SEMSP,N,no,NA,402
U23364,P1537,CU,DE720N2,DE720,2020-07-03T00:00:00Z,D10,1899-12-30T11:07:00Z,9.3,104,18,1899-12-30T11:18:00Z,presence/absence,A,NA,SEMSP,N,no,NA,403
U23365,P1537,CU,DE720N2,DE720,2020-07-03T00:00:00Z,D10,1899-12-30T11:09:00Z,6.4,92,16,1899-12-30T11:18:00Z,presence/absence,A,NA,SEMSP,N,no,NA,404
U23366,P1537,CU,DE720N2,DE720,2020-07-03T00:00:00Z,D10,1899-12-30T11:14:00Z,9.5,116,18,1899-12-30T11:35:00Z,presence/absence,A,NA,SEMSP,N,no,NA,405
U23367,P1537,CU,DE720N2,DE720,2020-07-03T00:00:00Z,D10,1899-12-30T11:17:00Z,21.5,129,27,1899-12-30T11:35:00Z,presence/absence,P,NA,SEMSP,N,no,NA,406
U23368,P1537,CU,DE720N2,DE720,2020-07-03T00:00:00Z,D10,1899-12-30T11:22:00Z,5,94,16,1899-12-30T11:35:00Z,presence/absence,P,NA,SEMSP,N,no,NA,407
U23369,P1537,CU,DE720N2,DE720,2020-07-03T00:00:00Z,D10,1899-12-30T11:25:00Z,13.5,113,20,1899-12-30T11:35:00Z,presence/absence,A,NA,SEMSP,N,no,NA,408
U23201,P1521,CO,DE720N2,DE720,2020-07-03T00:00:00Z,D10,1899-12-30T11:31:00Z,NA,NA,NA,1899-12-30T11:50:00Z,NA,NA,push pins missing - used paperclip to poke holes for draining,SEMSP,N,no,NA,409
U23202,P1521,CO,DE720N2,DE720,2020-07-03T00:00:00Z,D10,1899-12-30T11:39:00Z,NA,NA,NA,1899-12-30T11:50:00Z,NA,NA,push pins missing - used paperclip to poke holes for draining,SEMSP,N,no,NA,410
U23221,P1523,SO,DE721N2,DE721,2020-07-06T00:00:00Z,D09,1899-12-30T08:25:00Z,9.5,96,18,1899-12-30T08:37:00Z,presence/absence,P,push pins missing - used paperclip to poke holes for draining,SEMSP,N,no,NA,411
U23222,P1523,SO,DE721N2,DE721,2020-07-06T00:00:00Z,D09,1899-12-30T08:38:00Z,10.3,103,20,1899-12-30T08:47:00Z,presence/absence,P,push pins missing - used paperclip to poke holes for draining,SEMSP,N,no,NA,412
U23211,P1522,PI,DE721N2,DE721,2020-07-06T00:00:00Z,D09,1899-12-30T08:40:00Z,4.4,88,15,1899-12-30T09:26:00Z,presence/absence,P,push pins missing - used paperclip to poke holes for draining,SEMSP,N,no,NA,413
U23212,P1522,PI,DE721N2,DE721,2020-07-06T00:00:00Z,D09,1899-12-30T08:45:00Z,8.5,101,18,1899-12-30T09:26:00Z,presence/absence,P,push pins missing - used paperclip to poke holes for draining,SEMSP,N,no,NA,414
U23213,P1522,PI,DE721N2,DE721,2020-07-06T00:00:00Z,D09,NA,12.5,112,20,1899-12-30T09:26:00Z,presence/absence,P,push pins missing - used paperclip to poke holes for draining,SEMSP,N,no,NA,415
U23214,P1522,PI,DE721N2,DE721,2020-07-06T00:00:00Z,D09,NA,12.2,108,21,1899-12-30T09:26:00Z,presence/absence,P,push pins missing - used paperclip to poke holes for draining,SEMSP,N,no,NA,416
U23215,P1522,PI,DE721N2,DE721,2020-07-06T00:00:00Z,D09,NA,14.3,119,21,1899-12-30T09:26:00Z,presence/absence,P,push pins missing - used paperclip to poke holes for draining,SEMSP,N,no,NA,417
U23216,P1522,PI,DE721N2,DE721,2020-07-06T00:00:00Z,D09,NA,4.6,82,15,1899-12-30T09:26:00Z,presence/absence,P,push pins missing - used paperclip to poke holes for draining,SEMSP,N,no,NA,418
U23217,P1522,PI,DE721N2,DE721,2020-07-06T00:00:00Z,D09,NA,9,101,18,1899-12-30T09:26:00Z,presence/absence,P,push pins missing - used paperclip to poke holes for draining,SEMSP,N,no,NA,419
U23218,P1522,PI,DE721N2,DE721,2020-07-06T00:00:00Z,D09,NA,6.7,93,15,1899-12-30T09:26:00Z,presence/absence,P,push pins missing - used paperclip to poke holes for draining,SEMSP,N,no,NA,420
U23219,P1522,PI,DE721N2,DE721,2020-07-06T00:00:00Z,D09,NA,6.5,91,15,1899-12-30T09:26:00Z,presence/absence,P,push pins missing - used paperclip to poke holes for draining,SEMSP,N,no,NA,421
U23220,P1522,PI,DE721N2,DE721,2020-07-06T00:00:00Z,D09,1899-12-30T09:00:00Z,5.5,86,15,1899-12-30T09:26:00Z,NA,NA,push pins missing - used paperclip to poke holes for draining,SEMSP,N,no,NA,422
U23241,P1525,CO,DE721N2,DE721,2020-07-06T00:00:00Z,D09,1899-12-30T09:02:00Z,NA,NA,NA,1899-12-30T09:36:00Z,NA,NA,possibly chinook? also extremely lousy,SEMSP,N,no,NA,423
U23242,P1525,CO,DE721N2,DE721,2020-07-06T00:00:00Z,D09,1899-12-30T09:05:00Z,NA,NA,NA,1899-12-30T09:36:00Z,NA,NA,possibly chinook? also extremely lousy,SEMSP,N,no,NA,424
U23031,P1504,SO,DE718N1,DE718,2020-06-29T00:00:00Z,D09,1899-12-30T09:17:00Z,14.5,112,21,1899-12-30T08:27:00Z,presence/absence,P,NA,SEMSP,N,no,NA,425
U23111,P1512,PI,DE718N1,DE718,2020-06-29T00:00:00Z,D09,1899-12-30T08:21:00Z,5,82,13,1899-12-30T08:41:00Z,presence/absence,P,NA,SEMSP,N,no,NA,426
U23112,P1512,PI,DE718N1,DE718,2020-06-29T00:00:00Z,D09,1899-12-30T08:24:00Z,6,87,15,1899-12-30T08:41:00Z,presence/absence,P,NA,SEMSP,N,no,NA,427
U23113,P1512,PI,DE718N1,DE718,2020-06-29T00:00:00Z,D09,1899-12-30T08:30:00Z,18,119,24,1899-12-30T08:41:00Z,presence/absence,P,NA,SEMSP,N,no,NA,428
U23114,P1512,PI,DE718N1,DE718,2020-06-29T00:00:00Z,D09,1899-12-30T08:34:00Z,13.5,111,19,1899-12-30T08:41:00Z,presence/absence,P,NA,SEMSP,N,no,NA,429
U23115,P1512,PI,DE718N1,DE718,2020-06-29T00:00:00Z,D09,1899-12-30T08:40:00Z,6,85,14,1899-12-30T09:00:00Z,presence/absence,P,NA,SEMSP,N,no,NA,430
U23116,P1512,PI,DE718N1,DE718,2020-06-29T00:00:00Z,D09,1899-12-30T08:44:00Z,11.5,106,20,1899-12-30T09:00:00Z,presence/absence,P,NA,SEMSP,N,no,NA,431
U23117,P1512,PI,DE718N1,DE718,2020-06-29T00:00:00Z,D09,1899-12-30T08:47:00Z,5.5,87,16,1899-12-30T09:00:00Z,presence/absence,A,NA,SEMSP,N,no,NA,432
U23118,P1512,PI,DE718N1,DE718,2020-06-29T00:00:00Z,D09,1899-12-30T09:00:00Z,7,91,19,1899-12-30T09:14:00Z,presence/absence,P,NA,SEMSP,N,no,NA,433
U23119,P1512,PI,DE718N1,DE718,2020-06-29T00:00:00Z,D09,1899-12-30T09:02:00Z,8,100,16,1899-12-30T09:14:00Z,presence/absence,P,NA,SEMSP,N,no,NA,434
U23120,P1512,PI,DE718N1,DE718,2020-06-29T00:00:00Z,D09,1899-12-30T09:06:00Z,6,84,15,1899-12-30T09:14:00Z,presence/absence,P,NA,SEMSP,N,no,NA,435
U23041,P1505,CU,DE718N1,DE718,2020-06-29T00:00:00Z,D09,1899-12-30T09:28:00Z,10.5,107,19,1899-12-30T09:45:00Z,presence/absence,P,NA,SEMSP,N,no,NA,436
U23042,P1505,CU,DE718N1,DE718,2020-06-29T00:00:00Z,D09,1899-12-30T09:49:00Z,10,104,17,1899-12-30T10:00:00Z,presence/absence,P,NA,SEMSP,N,no,NA,437
U23043,P1505,CU,DE718N1,DE718,2020-06-29T00:00:00Z,D09,1899-12-30T09:53:00Z,12.5,106,20,1899-12-30T10:00:00Z,presence/absence,P,NA,SEMSP,N,no,NA,438
U23161,P1517,SO,DE722N2,DE722,2020-07-07T00:00:00Z,D27,1899-12-30T08:23:00Z,15.7,120,22,1899-12-30T08:30:00Z,presence/absence,P,NA,SEMSP,N,no,NA,439
U23191,P1520,PI,DE722N2,DE722,2020-07-07T00:00:00Z,D27,1899-12-30T08:13:00Z,8.1,97,18,1899-12-30T08:19:00Z,presence/absence,P,NA,SEMSP,N,no,NA,440
U23192,P1520,PI,DE722N2,DE722,2020-07-07T00:00:00Z,D27,1899-12-30T08:17:00Z,8.8,99,20,1899-12-30T08:22:00Z,presence/absence,A,NA,SEMSP,N,no,NA,441
U23193,P1520,PI,DE722N2,DE722,2020-07-07T00:00:00Z,D27,1899-12-30T08:18:00Z,15,114,22,1899-12-30T08:31:00Z,presence/absence,P,NA,SEMSP,N,no,NA,442
U23194,P1520,PI,DE722N2,DE722,2020-07-07T00:00:00Z,D27,1899-12-30T08:21:00Z,8.3,96,18,1899-12-30T08:31:00Z,presence/absence,P,NA,SEMSP,N,no,NA,443
U23195,P1520,PI,DE722N2,DE722,2020-07-07T00:00:00Z,D27,1899-12-30T08:24:00Z,15.4,119,23,1899-12-30T08:34:00Z,presence/absence,P,NA,SEMSP,N,no,NA,444
U23196,P1520,PI,DE722N2,DE722,2020-07-07T00:00:00Z,D27,1899-12-30T08:25:00Z,9.1,96,20,1899-12-30T08:34:00Z,presence/absence,P,NA,SEMSP,N,no,NA,445
U23197,P1520,PI,DE722N2,DE722,2020-07-07T00:00:00Z,D27,1899-12-30T08:27:00Z,8.8,102,19,1899-12-30T08:37:00Z,presence/absence,P,NA,SEMSP,N,no,NA,446
U23198,P1520,PI,DE722N2,DE722,2020-07-07T00:00:00Z,D27,1899-12-30T08:27:00Z,11,108,19,1899-12-30T08:37:00Z,presence/absence,A,NA,SEMSP,N,no,NA,447
U23199,P1520,PI,DE722N2,DE722,2020-07-07T00:00:00Z,D27,1899-12-30T08:29:00Z,0.8,103,19,1899-12-30T08:40:00Z,presence/absence,P,NA,SEMSP,N,no,NA,448
U23200,P1520,PI,DE722N2,DE722,2020-07-07T00:00:00Z,D27,1899-12-30T08:30:00Z,12.5,110,19,1899-12-30T08:40:00Z,presence/absence,P,NA,SEMSP,N,no,NA,449
U23151,P1516,CU,DE722N2,DE722,2020-07-07T00:00:00Z,D27,1899-12-30T08:12:00Z,9.7,104,18,1899-12-30T08:18:00Z,presence/absence,P,NA,SEMSP,N,no,NA,450
U23152,P1516,CU,DE722N2,DE722,2020-07-07T00:00:00Z,D27,1899-12-30T08:46:00Z,13.2,110,20,1899-12-30T08:51:00Z,presence/absence,P,NA,SEMSP,N,no,NA,451
